{"class_acc": [0.520100474357605, 0.6758794188499451, 0.8743718862533569, 0.9384422302246094, 0.9786432385444641, 0.9949748516082764, 0.9811557531356812, 0.9723618030548096, 0.9924623370170593, 0.9962311387062073, 0.9987437129020691, 1.0, 0.9987437129020691, 0.9937185645103455, 0.9974874258041382, 0.9974874258041382, 0.9912060499191284, 0.9987437129020691, 0.9987437129020691, 0.9924623370170593, 0.9145728349685669, 0.9723618030548096, 0.9937185645103455, 0.9974874258041382, 0.9987437129020691, 0.9987437129020691, 1.0, 1.0, 1.0, 1.0, 1.0, 1.0, 1.0, 1.0, 1.0, 1.0, 1.0, 1.0, 1.0, 1.0], "loss": [1.0055773258209229, 0.6107733845710754, 0.38733887672424316, 0.1758989542722702, 0.07435088604688644, 0.025951437652111053, 0.05144442617893219, 0.09318216890096664, 0.020746957510709763, 0.011722072027623653, 0.00530568091198802, 0.0020719063468277454, 0.004731788299977779, 0.014822395518422127, 0.003421211149543524, 0.0052355024963617325, 0.036423102021217346, 0.004247356206178665, 0.01071349810808897, 0.028181953355669975, 0.34544000029563904, 0.09762528538703918, 0.0216864924877882, 0.005198255181312561, 0.0028339277487248182, 0.006365792825818062, 0.0006393615039996803, 0.0005987842450849712, 0.0001977795036509633, 0.00028462568297982216, 5.7665798522066325e-05, 7.984780677361414e-05, 7.478463521692902e-05, 4.901587817585096e-05, 3.351222403580323e-05, 2.8134521926403977e-05, 2.472520645824261e-05, 1.557559698994737e-05, 9.980729373637587e-06, 6.276421117945574e-06], "val_class_acc": [0.5865384340286255, 0.767307698726654, 0.8480769395828247, 0.8730769157409668, 0.8826923370361328, 0.925000011920929, 0.9192307591438293, 0.8942307829856873, 0.925000011920929, 0.932692289352417, 0.9384615421295166, 0.942307710647583, 0.925000011920929, 0.9307692050933838, 0.925000011920929, 0.9153845906257629, 0.949999988079071, 0.9403846263885498, 0.9442307949066162, 0.875, 0.8826923370361328, 0.9115384817123413, 0.9442307949066162, 0.9461538195610046, 0.9461538195610046, 0.9461538195610046, 0.942307710647583, 0.9480769038200378, 0.9557692408561707, 0.9519230723381042, 0.9519230723381042, 0.9480769038200378, 0.949999988079071, 0.9519230723381042, 0.9519230723381042, 0.9519230723381042, 0.9519230723381042, 0.9519230723381042, 0.9519230723381042, 0.9519230723381042], "val_loss": [0.674704372882843, 0.5613369941711426, 0.3790774345397949, 0.3298557996749878, 0.30854347348213196, 0.22996357083320618, 0.39275431632995605, 0.38347128033638, 0.26625218987464905, 0.31398433446884155, 0.32941731810569763, 0.40646985173225403, 0.39583006501197815, 0.4416916072368622, 0.39768972992897034, 0.5000917315483093, 0.28838273882865906, 0.3025420904159546, 0.3035029172897339, 0.6366285681724548, 0.318789005279541, 0.21092377603054047, 0.22065012156963348, 0.2970466911792755, 0.28749021887779236, 0.3306795656681061, 0.33455726504325867, 0.32683461904525757, 0.3413294851779938, 0.35417497158050537, 0.3685567378997803, 0.3787018060684204, 0.38741379976272583, 0.398220032453537, 0.40779542922973633, 0.41808366775512695, 0.42946261167526245, 0.43694886565208435, 0.44658732414245605, 0.45470020174980164]}