{"accuracy": [0.4650000035762787, 0.5950000286102295, 0.7174999713897705, 0.7225000262260437, 0.75, 0.800000011920929, 0.8299999833106995, 0.8349999785423279, 0.8500000238418579, 0.8675000071525574, 0.862500011920929, 0.8700000047683716, 0.8650000095367432, 0.8849999904632568, 0.8849999904632568, 0.8999999761581421, 0.9100000262260437, 0.9100000262260437, 0.9350000023841858, 0.9325000047683716, 0.9524999856948853, 0.949999988079071, 0.949999988079071, 0.9574999809265137, 0.9700000286102295, 0.9700000286102295, 0.9674999713897705, 0.9750000238418579, 0.9800000190734863, 0.9775000214576721, 0.9850000143051147, 0.9825000166893005, 0.9850000143051147, 0.9900000095367432, 0.9950000047683716, 0.9900000095367432, 0.9950000047683716, 0.9950000047683716, 0.9975000023841858, 0.9950000047683716, 0.9975000023841858, 0.9975000023841858, 0.9975000023841858, 0.9975000023841858, 0.9975000023841858, 0.9975000023841858, 0.9975000023841858, 0.9975000023841858, 0.9975000023841858, 0.9975000023841858, 0.9975000023841858, 0.9975000023841858, 0.9975000023841858, 0.9975000023841858, 0.9975000023841858, 0.9975000023841858, 0.9975000023841858, 0.9975000023841858, 0.9975000023841858, 0.9975000023841858, 0.9975000023841858, 0.9975000023841858, 0.9975000023841858, 0.9975000023841858, 0.9975000023841858, 0.9975000023841858, 0.9975000023841858, 0.9975000023841858, 0.9975000023841858, 1.0, 0.9975000023841858, 0.9975000023841858, 0.9975000023841858, 0.9975000023841858, 0.9975000023841858, 0.9975000023841858, 1.0, 0.9975000023841858, 0.9975000023841858, 0.9975000023841858, 0.9975000023841858, 1.0, 0.9975000023841858, 0.9975000023841858, 0.9975000023841858, 1.0, 0.9975000023841858, 0.9975000023841858, 0.9975000023841858, 0.9975000023841858, 0.9975000023841858, 0.9975000023841858, 0.9975000023841858, 0.9975000023841858, 1.0, 0.9975000023841858, 0.9975000023841858, 0.9975000023841858, 0.9975000023841858, 0.9975000023841858], "loss": [0.7024233937263489, 0.6788604259490967, 0.6585634350776672, 0.6440467834472656, 0.6227350234985352, 0.5979902744293213, 0.5799622535705566, 0.5512810945510864, 0.5221619009971619, 0.4937566816806793, 0.47292017936706543, 0.44493162631988525, 0.4241366684436798, 0.3927267789840698, 0.3746331036090851, 0.34079793095588684, 0.30918607115745544, 0.2912711203098297, 0.2795962393283844, 0.2527328431606293, 0.22284887731075287, 0.21782447397708893, 0.20091675221920013, 0.18571405112743378, 0.1574763059616089, 0.15499727427959442, 0.1488581895828247, 0.13383392989635468, 0.12072432786226273, 0.11467708647251129, 0.11358926445245743, 0.08899743109941483, 0.09078430384397507, 0.09475061297416687, 0.07386592030525208, 0.06986625492572784, 0.07076689600944519, 0.06299883127212524, 0.054466113448143005, 0.055935200303792953, 0.046552594751119614, 0.04317740350961685, 0.04137566685676575, 0.039798859506845474, 0.035595718771219254, 0.03708355128765106, 0.03483820706605911, 0.03475399315357208, 0.034346114844083786, 0.02985185571014881, 0.023534007370471954, 0.024391600862145424, 0.018623797222971916, 0.02295599691569805, 0.0231280867010355, 0.01735047996044159, 0.02044597826898098, 0.01712452620267868, 0.017085280269384384, 0.01657138764858246, 0.01834317296743393, 0.0215640589594841, 0.020179670304059982, 0.014832403510808945, 0.01898908242583275, 0.013898494653403759, 0.011665662750601768, 0.015064049512147903, 0.0192073006182909, 0.013318756595253944, 0.01718161627650261, 0.013420825824141502, 0.011816045269370079, 0.011793208308517933, 0.012825011275708675, 0.011932902038097382, 0.012207698076963425, 0.01708931289613247, 0.011028903536498547, 0.011531243100762367, 0.013942357152700424, 0.01587921567261219, 0.010640813037753105, 0.01321557629853487, 0.012997745536267757, 0.012236882001161575, 0.011570533737540245, 0.010906740091741085, 0.015279718674719334, 0.013318466022610664, 0.014556938782334328, 0.016515130177140236, 0.014370529912412167, 0.01360307540744543, 0.012969753704965115, 0.015275790356099606, 0.013077158480882645, 0.013907100073993206, 0.01203043945133686, 0.012775445356965065], "val_accuracy": [0.5, 0.4399999976158142, 0.5, 0.6899999976158142, 0.7300000190734863, 0.7400000095367432, 0.7400000095367432, 0.7599999904632568, 0.7799999713897705, 0.7699999809265137, 0.8100000023841858, 0.8600000143051147, 0.8700000047683716, 0.8600000143051147, 0.8799999952316284, 0.8700000047683716, 0.8700000047683716, 0.8500000238418579, 0.8600000143051147, 0.8700000047683716, 0.8700000047683716, 0.8799999952316284, 0.8700000047683716, 0.8700000047683716, 0.8700000047683716, 0.8600000143051147, 0.8600000143051147, 0.8700000047683716, 0.8799999952316284, 0.8799999952316284, 0.8999999761581421, 0.8899999856948853, 0.8899999856948853, 0.9100000262260437, 0.8999999761581421, 0.9100000262260437, 0.8899999856948853, 0.8899999856948853, 0.9100000262260437, 0.9100000262260437, 0.9100000262260437, 0.9100000262260437, 0.9100000262260437, 0.9100000262260437, 0.9100000262260437, 0.9100000262260437, 0.9100000262260437, 0.9100000262260437, 0.9100000262260437, 0.9100000262260437, 0.9100000262260437, 0.9100000262260437, 0.9100000262260437, 0.9100000262260437, 0.9200000166893005, 0.9200000166893005, 0.9300000071525574, 0.9300000071525574, 0.9200000166893005, 0.9300000071525574, 0.9200000166893005, 0.9300000071525574, 0.9100000262260437, 0.9100000262260437, 0.9100000262260437, 0.9100000262260437, 0.9100000262260437, 0.9200000166893005, 0.9200000166893005, 0.9200000166893005, 0.9200000166893005, 0.9100000262260437, 0.9100000262260437, 0.9100000262260437, 0.9100000262260437, 0.9100000262260437, 0.9100000262260437, 0.9100000262260437, 0.9100000262260437, 0.9100000262260437, 0.9100000262260437, 0.9100000262260437, 0.9100000262260437, 0.8999999761581421, 0.8999999761581421, 0.8999999761581421, 0.8999999761581421, 0.8899999856948853, 0.8899999856948853, 0.8899999856948853, 0.8899999856948853, 0.8899999856948853, 0.8899999856948853, 0.8899999856948853, 0.8899999856948853, 0.8899999856948853, 0.8899999856948853, 0.8899999856948853, 0.8899999856948853, 0.8899999856948853],