{
  "class_acc": [
    0.5399239659309387,
    0.5950570106506348,
    0.7034220695495605,
    0.7547528743743896,
    0.838403046131134,
    0.8973383903503418,
    0.9315589070320129,
    0.9543726444244385,
    0.9600760340690613,
    0.9562737345695496,
    0.9752851724624634,
    0.9733840227127075,
    0.9771863222122192,
    0.9866920113563538,
    0.9771863222122192,
    0.9695817232131958,
    0.9695817232131958,
    0.980988621711731,
    0.982889711856842,
    0.9714828729629517,
    0.9752851724624634,
    0.9847908616065979,
    0.9866920113563538,
    0.982889711856842,
    0.9847908616065979,
    0.982889711856842,
    0.9885931611061096,
    0.9847908616065979,
    0.9885931611061096,
    0.9866920113563538,
    0.9790874719619751,
    0.9904943108558655,
    0.9885931611061096,
    0.9752851724624634,
    0.9866920113563538,
    0.9885931611061096,
    0.9904943108558655,
    0.9961977005004883,
    0.9980988502502441,
    0.9980988502502441
  ],
  "loss": [
    2.4720685482025146,
    1.8528345823287964,
    1.6513701677322388,
    1.5078712701797485,
    1.375992774963379,
    1.2393946647644043,
    1.1370679140090942,
    1.0786447525024414,
    1.0626943111419678,
    1.0521373748779297,
    0.9977039694786072,
    0.9629319906234741,
    0.9544793963432312,
    0.9146552681922913,
    0.9095092415809631,
    0.9150437116622925,
    0.9152564406394958,
    0.8984681963920593,
    0.8686543703079224,
    0.8757007718086243,
    0.8606504201889038,
    0.8499336838722229,
    0.8311699628829956,
    0.8137825727462769,
    0.8075159788131714,
    0.8001673817634583,
    0.7828425765037537,
    0.7957649230957031,
    0.7664988040924072,
    0.7687550783157349,
    0.7744230628013611,
    0.7446917295455933,
    0.7316709160804749,
    0.741360604763031,
    0.7075609564781189,
    0.6972677111625671,
    0.7092577219009399,
    0.6793531179428101,
    0.6547325849533081,
    0.6573030948638916
  ],
  "val_class_acc": [
    0.4789271950721741,
    0.7049808502197266,
    0.7777777910232544,
    0.7432950139045715,
    0.8850574493408203,
    0.9118773937225342,
    0.9348658919334412,
    0.938697338104248,
    0.9425287246704102,
    0.938697338104248,
    0.946360170841217,
    0.954023003578186,
    0.9731800556182861,
    0.9808428883552551,
    0.946360170841217,
    0.938697338104248,
    0.946360170841217,
    0.961685836315155,
    0.9425287246704102,
    0.961685836315155,
    0.946360170841217,
    0.954023003578186,
    0.961685836315155,
    0.946360170841217,
    0.969348669052124,
    0.946360170841217,
    0.9425287246704102,
    0.9501915574073792,
    0.9501915574073792,
    0.9501915574073792,
    0.9348658919334412,
    0.969348669052124,
    0.9425287246704102,
    0.931034505367279,
    0.9655172228813171,
    0.9655172228813171,
    0.992337167263031,
    0.9655172228813171,
    0.977011501789093,
    0.9808428883552551
  ],
  "val_loss": [
    2.220202684402466,
    1.977422833442688,
    1.8297661542892456,
    1.7115275859832764,
    1.5322855710983276,
    1.4471516609191895,
    1.4186642169952393,
    1.4265996217727661,
    1.4193974733352661,
    1.3708343505859375,
    1.3128706216812134,
    1.2741667032241821,
    1.25058913230896,
    1.2227883338928223,
    1.2365540266036987,
    1.249940037727356,
    1.2910751104354858,
    1.2384697198867798,
    1.228144884109497,
    1.1922980546951294,
    1.260075569152832,
    1.2138946056365967,
    1.1396108865737915,
    1.1714351177215576,
    1.0990641117095947,
    1.2145447731018066,
    1.2640665769577026,
    1.1423527002334595,
    1.199206829071045,
    1.1297327280044556,
    1.182993769645691,
    1.0984432697296143,
    1.196956753730774,
    1.1594747304916382,
    1.1013784408569336,
    1.0784902572631836,
    1.048122763633728,
    1.0249056816101074,
    1.0144731998443604,
    0.9834511876106262
  ]
}