{"accuracy": [0.5892857313156128, 0.7329192757606506, 0.7989130616188049, 0.8548136353492737, 0.8649068474769592, 0.8804348111152649, 0.8951863646507263, 0.9192546606063843, 0.9192546606063843, 0.9309006333351135, 0.9285714030265808, 0.9417701959609985, 0.9417701959609985, 0.9479813575744629, 0.9596273303031921, 0.9580745100975037, 0.9572981595993042, 0.967391312122345, 0.967391312122345, 0.975931704044342, 0.9751552939414978, 0.97826087474823, 0.9852484464645386, 0.9844720363616943, 0.9883540272712708, 0.989130437374115, 0.9860248565673828, 0.9860248565673828, 0.9914596080780029, 0.9937888383865356, 0.9922360181808472, 0.9937888383865356, 0.9945651888847351, 0.9922360181808472, 0.9930124282836914, 0.9961180090904236, 0.9945651888847351, 0.9976708292961121, 0.9976708292961121, 0.9976708292961121, 0.9945651888847351, 0.9976708292961121, 0.9945651888847351, 0.9992235898971558, 0.9976708292961121, 0.9992235898971558, 0.9984471797943115, 0.9992235898971558, 1.0, 0.9961180090904236, 0.9984471797943115, 0.9992235898971558, 0.9984471797943115, 0.9992235898971558, 0.9976708292961121, 1.0, 0.9992235898971558, 1.0, 0.9992235898971558, 0.9992235898971558, 0.9976708292961121, 0.9976708292961121, 1.0, 0.9984471797943115, 1.0, 0.9992235898971558, 0.9992235898971558, 0.9992235898971558, 1.0, 0.9992235898971558, 1.0, 1.0, 1.0, 0.9984471797943115, 0.9992235898971558, 0.9984471797943115, 0.9992235898971558, 1.0, 0.9992235898971558, 0.9992235898971558, 0.9992235898971558, 0.9992235898971558, 0.9992235898971558, 0.9992235898971558, 1.0, 1.0, 0.9992235898971558, 0.9984471797943115, 0.9992235898971558, 1.0, 1.0, 1.0, 0.9992235898971558, 1.0, 0.9992235898971558, 1.0, 0.9992235898971558, 1.0, 1.0, 1.0], "loss": [0.6779817938804626, 0.6310405731201172, 0.5731099843978882, 0.5038907527923584, 0.4474638104438782, 0.380884051322937, 0.3298053443431854, 0.28155213594436646, 0.24671590328216553, 0.21640034019947052, 0.1981653869152069, 0.17328675091266632, 0.1633150279521942, 0.15581969916820526, 0.13728104531764984, 0.1289709359407425, 0.11635252088308334, 0.10616316646337509, 0.10287109762430191, 0.08580446243286133, 0.07816668599843979, 0.07033652067184448, 0.05994626134634018, 0.057126715779304504, 0.04574966058135033, 0.04169069230556488, 0.042344823479652405, 0.037845678627491, 0.03122902289032936, 0.023226233199238777, 0.022386973723769188, 0.01757173053920269, 0.019011471420526505, 0.019505778327584267, 0.01778465136885643, 0.013672689907252789, 0.012868396937847137, 0.012287081219255924, 0.009437269531190395, 0.010362218134105206, 0.013283283449709415, 0.011109971441328526, 0.019656013697385788, 0.0087838564068079, 0.010460165329277515, 0.009709861129522324, 0.008184822276234627, 0.008662420324981213, 0.007490020245313644, 0.008630763739347458, 0.007697804365307093, 0.007308780215680599, 0.00812586210668087, 0.00758522842079401, 0.006740135606378317, 0.006949739530682564, 0.006728938780725002, 0.006676474120467901, 0.007029604632407427, 0.007104391697794199, 0.008534620516002178, 0.008464876562356949, 0.0063185663893818855, 0.007123128976672888, 0.005635675974190235, 0.008182082325220108, 0.007335546426475048, 0.006645661778748035, 0.006696297321468592, 0.006091870367527008, 0.006902941968291998, 0.005313973408192396, 0.006041636224836111, 0.006774366367608309, 0.007972936145961285, 0.007120333146303892, 0.006743778474628925, 0.007245447486639023, 0.006138088647276163, 0.007157219108194113, 0.0062432242557406425, 0.0068695805966854095, 0.0066648623906075954, 0.0057570007629692554, 0.006442652549594641, 0.005592444445937872, 0.006811733357608318, 0.005375666078180075, 0.006967130582779646, 0.005463829729706049, 0.005872767884284258, 0.006072632037103176, 0.006270707584917545, 0.005884896032512188, 0.005731214303523302, 0.00588901387527585, 0.006107843481004238, 0.005899327341467142, 0.00654718978330493, 0.005872692912817001], "val_accuracy": [0.4749999940395355, 0.5625, 0.5687500238418579, 0.659375011920929, 0.671875, 0.6781250238418579, 0.7875000238418579, 0.831250011920929, 0.84375, 0.8500000238418579, 0.8687499761581421, 0.862500011920929, 0.90625, 0.893750011920929, 0.903124988079071, 0.8968750238418579, 0.925000011920929, 0.9437500238418579, 0.940625011920929, 0.918749988079071, 0.9281250238418579, 0.9281250238418579, 0.9281250238418579, 0.921875, 0.918749988079071, 0.909375011920929, 0.956250011920929, 0.949999988079071, 0.956250011920929, 0.953125, 0.953125, 0.956250011920929, 0.956250011920929, 0.949999988079071, 0.949999988079071, 0.953125, 0.953125, 0.953125, 0.953125, 0.953125, 0.953125, 0.953125, 0.949999988079071, 0.953125, 0.949999988079071, 0.9468749761581421, 0.949999988079071, 0.9468749761581421, 0.9468749761581421, 0.9468749761581421, 0.9468749761581421, 0.9468749761581421, 0.9468749761581421, 0.9468749761581421, 0.9468749761581421, 0.9437500238418579, 0.9437500238418579, 0.9437500238418579, 0.9437500238418579, 0.9437500238418579, 0.9437500238418579, 0.9437500238418579, 0.9437500238418579, 0.9437500238418579, 0.9437500238418579, 0.9437500238418579, 0.9437500238418579, 0.9437500238418579, 0.9437500238418579, 0.9437500238418579, 0.9437500238418579, 0.9437500238418579, 0.9437500238418579, 0.9437500238418579, 0.9437500238418579, 0.9437500238418579, 0.9437500238418579, 0.9437500238418579, 0.9437500238418579, 0.9437500238418579, 0.9437500238418579, 0.9437500238418579, 0.9437500238418579, 0.9437500238418579, 0.9437500238418579, 0.9468749761581421, 0.9468749761581421, 0.9468749761581421, 0.9468749761581421, 0.9468749761581421, 0.9468749761581421, 0.9468749761581421, 0.9468749761581421, 0.9468749761581421, 0.9468749761581421, 0.9468749761581421, 0.9468749761581421, 0.9468749761581421, 0.9468749761581421, 0.9468749761581421], "val_loss": [0.6940353512763977, 0.6907171607017517, 0.6848116517066956, 0.6721564531326294, 0.6497517228126526, 0.6165649890899658, 0.5660145282745361, 0.4974496364593506, 0.4440855085849762, 0.40105897188186646, 0.3415854871273041, 0.31547799706459045, 0.26973825693130493, 0.258950799703598, 0.21639540791511536, 0.2006843090057373, 0.18097156286239624, 0.17206552624702454, 0.16065533459186554, 0.15543892979621887, 0.14516690373420715, 0.142644464969635, 0.13717234134674072, 0.13608089089393616, 0.16380879282951355, 0.1678222417831421, 0.11405183374881744, 0.11404693126678467, 0.12223125994205475, 0.12392155826091766, 0.12205751240253448, 0.13203164935112, 0.139444962143898, 0.15622523427009583, 0.15106622874736786, 0.1438356637954712, 0.13755249977111816, 0.14389224350452423, 0.15200252830982208, 0.15946535766124725, 0.15882667899131775, 0.16282160580158234, 0.1662600338459015, 0.16288140416145325, 0.16843140125274658, 0.1767294853925705, 0.18446576595306396, 0.18700852990150452, 0.18328389525413513, 0.18792012333869934, 0.18917426466941833, 0.18866629898548126, 0.19062916934490204, 0.19099381566047668, 0.19118884205818176, 0.19357550144195557, 0.19609078764915466, 0.19621522724628448, 0.19718268513679504, 0.19755923748016357, 0.19897349178791046, 0.20039303600788116, 0.20147471129894257, 0.20163042843341827, 0.20235903561115265, 0.20325498282909393, 0.20353230834007263, 0.2037293016910553, 0.20371127128601074, 0.20437681674957275, 0.20452561974525452, 0.20443472266197205, 0.20401963591575623, 0.20366397500038147, 0.20391018688678741, 0.20424291491508484, 0.20453672111034393, 0.2046864777803421, 0.20486553013324738, 0.20538906753063202, 0.20586450397968292, 0.20612868666648865, 0.20645006000995636, 0.20693843066692352, 0.20660178363323212, 0.2062465250492096, 0.20688419044017792, 0.20719404518604279, 0.2074510157108307, 0.20789940655231476, 0.20808832347393036, 0.20769593119621277, 0.2084997147321701, 0.20904788374900818, 0.20956213772296906, 0.210209459066391, 0.21080224215984344, 0.21073298156261444, 0.2113250195980072, 0.2112976610660553],