{"class_acc": [0.5190839767456055, 0.7137404680252075, 0.8444656729698181, 0.9045801758766174, 0.9580152630805969, 0.9751908183097839, 0.9713740348815918, 0.9751908183097839, 0.9818702340126038, 0.9847328066825867, 0.9885495901107788, 0.9818702340126038, 0.9809160232543945, 0.9847328066825867, 0.9761450290679932, 0.9885495901107788, 0.9790076613426208, 0.9761450290679932, 0.9847328066825867, 0.9952290058135986, 0.9914122223854065, 0.9923664331436157, 0.9933205842971802, 0.989503800868988, 0.9856870174407959, 0.9923664331436157, 0.9952290058135986, 0.9971374273300171, 0.9952290058135986, 0.9971374273300171, 0.989503800868988, 0.9933205842971802, 0.9952290058135986, 0.9885495901107788, 0.9875954389572144, 0.9809160232543945, 0.9961832165718079, 0.9952290058135986, 0.9942747950553894, 0.9952290058135986], "loss": [2.312019109725952, 1.7665817737579346, 1.4930081367492676, 1.3281846046447754, 1.17303466796875, 1.102792739868164, 1.0915650129318237, 1.0732126235961914, 1.0296381711959839, 1.0003725290298462, 0.9539662599563599, 0.9379301071166992, 0.9336433410644531, 0.9143199324607849, 0.8991653323173523, 0.8595739603042603, 0.8674684762954712, 0.8512065410614014, 0.8089805841445923, 0.7749360203742981, 0.7798694968223572, 0.7812354564666748, 0.7782701849937439, 0.7742426991462708, 0.7869406938552856, 0.7497645020484924, 0.7437353730201721, 0.7246088981628418, 0.7193832397460938, 0.7008619904518127, 0.750628650188446, 0.7346574664115906, 0.70341557264328, 0.7277494072914124, 0.7437478303909302, 0.7393254041671753, 0.6882691979408264, 0.6866155862808228, 0.6471120715141296, 0.6351262331008911], "val_class_acc": [0.550000011920929, 0.8115384578704834, 0.875, 0.9307692050933838, 0.9634615182876587, 0.9576923251152039, 0.9576923251152039, 0.9673076868057251, 0.9653846025466919, 0.9711538553237915, 0.9615384340286255, 0.9673076868057251, 0.9634615182876587, 0.9711538553237915, 0.9711538553237915, 0.9673076868057251, 0.9692307710647583, 0.9711538553237915, 0.9750000238418579, 0.9750000238418579, 0.9769230484962463, 0.9692307710647583, 0.9769230484962463, 0.9634615182876587, 0.9711538553237915, 0.9807692170143127, 0.9846153855323792, 0.9711538553237915, 0.9865384697914124, 0.9769230484962463, 0.9884615540504456, 0.9865384697914124, 0.9788461327552795, 0.9769230484962463, 0.9596154093742371, 0.9692307710647583, 0.9769230484962463, 0.9750000238418579, 0.9711538553237915, 0.9730769395828247], "val_loss": [2.1126303672790527, 1.7958155870437622, 1.7001879215240479, 1.4986172914505005, 1.3586591482162476, 1.3368146419525146, 1.3529983758926392, 1.2977696657180786, 1.2765499353408813, 1.1854430437088013, 1.186276912689209, 1.1853437423706055, 1.1603806018829346, 1.1091420650482178, 1.100050926208496, 1.0847933292388916, 1.0517065525054932, 1.0065733194351196, 0.9931437373161316, 0.9975480437278748, 0.9963343739509583, 1.0014511346817017, 0.9811655879020691, 1.0333572626113892, 1.0099073648452759, 0.9671214818954468, 0.934345006942749, 0.9166945219039917, 0.9210796356201172, 0.9244804382324219, 0.9675015807151794, 0.9182913303375244, 0.8873597383499146, 0.9316471219062805, 1.0343787670135498, 0.9278298020362854, 0.8640758395195007, 0.8504689931869507, 0.8412122130393982, 0.918830394744873]}