{"class_acc": [0.5176470875740051, 0.54313725233078, 0.6725490093231201, 0.8568627238273621, 0.8960784077644348, 0.8901960849761963, 0.8999999761581421, 0.9450980424880981, 0.9509803652763367, 0.9823529124259949, 0.9901960492134094, 1.0, 1.0, 1.0, 1.0, 1.0, 1.0, 1.0, 1.0, 1.0, 1.0, 1.0, 1.0, 1.0, 1.0, 1.0, 1.0, 1.0, 1.0, 1.0, 1.0, 1.0, 1.0, 1.0, 1.0, 1.0, 1.0, 1.0, 1.0, 1.0], "loss": [1.102442741394043, 0.7294003963470459, 0.6005722284317017, 0.42520493268966675, 0.3184483051300049, 0.3156316876411438, 0.244916632771492, 0.11826029419898987, 0.10340674966573715, 0.05800288915634155, 0.028188761323690414, 0.0055769444443285465, 0.0027922578155994415, 0.0008473487687297165, 0.0003622631193138659, 0.00021571210527326912, 0.00015711250307504088, 0.00014490645844489336, 8.557293767808005e-05, 8.531300409231335e-05, 6.0543232393683866e-05, 3.519058009260334e-05, 3.876929986290634e-05, 3.061583629460074e-05, 2.0562329154927284e-05, 1.901682117022574e-05, 1.7013588148984127e-05, 1.6543184756301343e-05, 1.0065738024422899e-05, 9.020743164001033e-06, 1.2750646419590339e-05, 9.572666385793127e-06, 5.956777386018075e-06, 4.432685273059178e-06, 5.0409635150572285e-06, 3.7242614325805334e-06, 3.3143514883704484e-06, 3.5368123008083785e-06, 2.8843046493420843e-06, 3.5389036838751053e-06], "val_class_acc": [0.5679758191108704, 0.5226585865020752, 0.7945619225502014, 0.842900276184082, 0.8912386894226074, 0.8549848794937134, 0.8882175087928772, 0.8791540861129761, 0.9425981640815735, 0.9123867154121399, 0.9274924397468567, 0.9577039480209351, 0.9516616463661194, 0.9546827673912048, 0.9637462496757507, 0.9577039480209351, 0.9577039480209351, 0.9577039480209351, 0.9577039480209351, 0.9577039480209351, 0.9577039480209351, 0.9577039480209351, 0.9577039480209351, 0.9577039480209351, 0.9577039480209351, 0.9577039480209351, 0.9577039480209351, 0.9577039480209351, 0.9577039480209351, 0.9577039480209351, 0.9577039480209351, 0.9577039480209351, 0.9577039480209351, 0.9577039480209351, 0.9577039480209351, 0.9577039480209351, 0.9577039480209351, 0.9577039480209351, 0.9577039480209351, 0.9577039480209351], "val_loss": [0.6569045186042786, 0.7586996555328369, 0.5099000334739685, 0.5216707587242126, 0.29611048102378845, 0.4086270034313202, 0.30675211548805237, 0.29021915793418884, 0.17559735476970673, 0.29107484221458435, 0.23824381828308105, 0.20056796073913574, 0.2247929871082306, 0.23743268847465515, 0.25057879090309143, 0.26489487290382385, 0.27445125579833984, 0.2827237546443939, 0.29128217697143555, 0.3014416992664337, 0.3114725649356842, 0.32171952724456787, 0.3276243507862091, 0.3356916904449463, 0.34389540553092957, 0.3493882119655609, 0.35271555185317993, 0.36067235469818115, 0.370211124420166, 0.37600988149642944, 0.3768458068370819, 0.3771899938583374, 0.379207581281662, 0.38380566239356995, 0.3872517943382263, 0.39064809679985046, 0.39370930194854736, 0.3966991603374481, 0.3995589017868042, 0.40173062682151794]}