{"class_acc": [0.5236907601356506, 0.5685785412788391, 0.6508728265762329, 0.7655860185623169, 0.8728179335594177, 0.9326683282852173, 0.9451371431350708, 0.9476309418678284, 0.9625934958457947, 0.9650872945785522, 0.9650872945785522, 0.9900249242782593, 0.9825436472892761, 0.9875311851501465, 0.9900249242782593, 0.9925187230110168, 0.9950124621391296, 0.9925187230110168, 0.9875311851501465, 0.9700748324394226, 0.9775561094284058, 0.9625934958457947, 0.975062370300293, 0.9975062608718872, 0.9850373864173889, 0.9975062608718872, 1.0, 0.9975062608718872, 1.0, 1.0, 1.0, 1.0, 1.0, 1.0, 0.9975062608718872, 0.9975062608718872, 0.9975062608718872, 0.9975062608718872, 0.9950124621391296, 0.9975062608718872], "loss": [1.1793667078018188, 0.740501880645752, 0.6284334659576416, 0.5094339847564697, 0.375550240278244, 0.24501974880695343, 0.19129082560539246, 0.17289090156555176, 0.10396164655685425, 0.0859709307551384, 0.1006225049495697, 0.044474367052316666, 0.051229700446128845, 0.02694625034928322, 0.02155684493482113, 0.01866249181330204, 0.02388828806579113, 0.022965731099247932, 0.01970391348004341, 0.08658187836408615, 0.09522246569395065, 0.1258949488401413, 0.11084464937448502, 0.0299537256360054, 0.046192437410354614, 0.012980315834283829, 0.006799993570894003, 0.005922265350818634, 0.003067122772336006, 0.0030980422161519527, 0.0028956749010831118, 0.0009729532757773995, 0.0009989149402827024, 0.0020156223326921463, 0.005032374057918787, 0.008651194162666798, 0.010088895447552204, 0.006354224402457476, 0.011364372447133064, 0.005306691396981478], "val_class_acc": [0.49808427691459656, 0.7471264600753784, 0.5670498013496399, 0.7394636273384094, 0.7624521255493164, 0.8735632300376892, 0.7854406237602234, 0.8429118990898132, 0.8505747318267822, 0.8352490663528442, 0.8582375645637512, 0.9195402264595032, 0.8773946166038513, 0.8927202820777893, 0.9195402264595032, 0.9272030591964722, 0.9501915574073792, 0.8773946166038513, 0.9272030591964722, 0.8390804529190063, 0.8505747318267822, 0.9233716726303101, 0.9157088398933411, 0.9348658919334412, 0.9348658919334412, 0.9425287246704102, 0.9578543901443481, 0.954023003578186, 0.954023003578186, 0.954023003578186, 0.9501915574073792, 0.9501915574073792, 0.9578543901443481, 0.9118773937225342, 0.954023003578186, 0.9042145609855652, 0.961685836315155, 0.8888888955116272, 0.931034505367279, 0.9425287246704102], "val_loss": [0.8055176734924316, 0.6343653798103333, 0.6328305602073669, 0.6422166228294373, 0.6279099583625793, 0.407075971364975, 0.733988344669342, 0.45337799191474915, 0.3727487623691559, 0.44595420360565186, 0.31482574343681335, 0.24743734300136566, 0.3567151725292206, 0.3316866159439087, 0.22402134537696838, 0.25613322854042053, 0.20536403357982635, 0.4129341244697571, 0.30521726608276367, 1.0220167636871338, 0.7363457083702087, 0.2418297380208969, 0.20485854148864746, 0.21835899353027344, 0.22585827112197876, 0.1847868710756302, 0.16159473359584808, 0.17698128521442413, 0.1837146282196045, 0.19173404574394226, 0.2132350355386734, 0.21908408403396606, 0.23291254043579102, 0.3921862244606018, 0.24063284695148468, 0.28913211822509766, 0.24683994054794312, 0.5037537813186646, 0.3136581480503082, 0.2956776022911072]}