{"accuracy": [0.561904788017273, 0.699999988079071, 0.776190459728241, 0.803174614906311, 0.8365079164505005, 0.855555534362793, 0.8809523582458496, 0.9031745791435242, 0.9142857193946838, 0.9301587343215942, 0.938095211982727, 0.9476190209388733, 0.9555555582046509, 0.9634920358657837, 0.9666666388511658, 0.9634920358657837, 0.9714285731315613, 0.9698412418365479, 0.9746031761169434, 0.9793650507926941, 0.9777777791023254, 0.9793650507926941, 0.9825396537780762, 0.9825396537780762, 0.9825396537780762, 0.9825396537780762, 0.9841269850730896, 0.9841269850730896, 0.9841269850730896, 0.9857142567634583, 0.9825396537780762, 0.9825396537780762, 0.9873015880584717, 0.9873015880584717, 0.9841269850730896, 0.9888888597488403, 0.9857142567634583, 0.9873015880584717, 0.9873015880584717, 0.9904761910438538, 0.9873015880584717, 0.9888888597488403, 0.9904761910438538, 0.9888888597488403, 0.9888888597488403, 0.9904761910438538, 0.9904761910438538, 0.9904761910438538, 0.9904761910438538, 0.9920634627342224, 0.9920634627342224, 0.9920634627342224, 0.9920634627342224, 0.9920634627342224, 0.9920634627342224, 0.9904761910438538, 0.9888888597488403, 0.9936507940292358, 0.9936507940292358, 0.9920634627342224, 0.9936507940292358, 0.9968253970146179, 0.9952380657196045, 0.9952380657196045, 0.9936507940292358, 0.9936507940292358, 0.9873015880584717, 0.9952380657196045, 0.9888888597488403, 0.9873015880584717, 0.9888888597488403, 0.9904761910438538, 0.9920634627342224, 0.9936507940292358, 0.9904761910438538, 0.9904761910438538, 0.9952380657196045, 0.9952380657196045, 0.9936507940292358, 0.9952380657196045, 0.9936507940292358, 0.9968253970146179, 0.9968253970146179, 0.9936507940292358, 0.9952380657196045, 0.9936507940292358, 0.9968253970146179, 0.9984126687049866, 0.9952380657196045, 0.9952380657196045, 0.9952380657196045, 0.9968253970146179, 0.9984126687049866, 0.9968253970146179, 0.9984126687049866, 1.0, 0.9984126687049866, 0.9984126687049866, 0.9984126687049866, 0.9936507940292358], "loss": [0.6945216655731201, 0.6294040679931641, 0.5732943415641785, 0.529441773891449, 0.47645705938339233, 0.43814682960510254, 0.38773322105407715, 0.3468520939350128, 0.326449453830719, 0.2938929796218872, 0.27022984623908997, 0.23664097487926483, 0.2007136046886444, 0.1946108639240265, 0.1727948784828186, 0.16048036515712738, 0.1417677402496338, 0.13226473331451416, 0.12240151315927505, 0.10974206030368805, 0.09989172220230103, 0.11014297604560852, 0.09710323065519333, 0.09607172757387161, 0.09192442148923874, 0.0762086808681488, 0.08100081235170364, 0.06906869262456894, 0.07573258131742477, 0.06976176798343658, 0.07034017145633698, 0.07144150882959366, 0.0658557116985321, 0.06490139663219452, 0.06624145805835724, 0.06429998576641083, 0.06659150868654251, 0.0598076730966568, 0.05446548014879227, 0.05092264339327812, 0.05241312459111214, 0.043256647884845734, 0.05071383714675903, 0.04567106440663338, 0.046044111251831055, 0.04875818267464638, 0.041844602674245834, 0.042792364954948425, 0.04478106647729874, 0.04259079694747925, 0.03499884158372879, 0.04233986884355545, 0.03357293829321861, 0.04076997563242912, 0.03662040829658508, 0.03624063730239868, 0.0357549786567688, 0.029625771567225456, 0.03050225041806698, 0.027153601869940758, 0.02989833988249302, 0.024735882878303528, 0.02687857858836651, 0.023095043376088142, 0.024933939799666405, 0.021315375342965126, 0.03822740912437439, 0.026708191260695457, 0.03241017833352089, 0.050421930849552155, 0.03795892745256424, 0.037839800119400024, 0.03878806158900261, 0.030117640271782875, 0.02666560187935829, 0.024012768641114235, 0.023527035489678383, 0.023740597069263458, 0.023418262600898743, 0.020547740161418915, 0.02233578823506832, 0.01917794905602932, 0.019868386909365654, 0.022513113915920258, 0.017458179965615273, 0.0195566788315773, 0.020924249663949013, 0.018851252272725105, 0.022285806015133858, 0.01921764388680458, 0.021802591159939766, 0.020240096375346184, 0.020005133002996445, 0.018518725410103798, 0.0169848445802927, 0.01792335882782936, 0.018448907881975174, 0.02151321992278099, 0.01795986481010914, 0.02144508808851242], "val_accuracy": [0.4968152940273285, 0.4585987329483032, 0.48407644033432007, 0.5477706789970398, 0.5286624431610107, 0.5796178579330444, 0.5987260937690735, 0.6050955653190613, 0.6114649772644043, 0.6369426846504211, 0.6496815085411072, 0.6815286874771118, 0.6942675113677979, 0.675159215927124, 0.668789803981781, 0.6496815085411072, 0.662420392036438, 0.6496815085411072, 0.662420392036438, 0.656050980091095, 0.662420392036438, 0.662420392036438, 0.668789803981781, 0.668789803981781, 0.6815286874771118, 0.6815286874771118, 0.6942675113677979, 0.6942675113677979, 0.6942675113677979, 0.7006369233131409, 0.7133758068084717, 0.7133758068084717, 0.7197452187538147, 0.7197452187538147, 0.7261146306991577, 0.7707006335258484, 0.8216560482978821, 0.8216560482978821, 0.8025477528572083, 0.8280254602432251, 0.9108280539512634, 0.9299362897872925, 0.9299362897872925, 0.9299362897872925, 0.9363057613372803, 0.9363057613372803, 0.9363057613372803, 0.9363057613372803, 0.9363057613372803, 0.9363057613372803, 0.9363057613372803, 0.9426751732826233, 0.9426751732826233, 0.9426751732826233, 0.9490445852279663, 0.9554139971733093, 0.9554139971733093, 0.9617834687232971, 0.9617834687232971, 0.9617834687232971, 0.9617834687232971, 0.9681528806686401, 0.9681528806686401, 0.9745222926139832, 0.9745222926139832, 0.9745222926139832, 0.9745222926139832, 0.9745222926139832, 0.9745222926139832, 0.9745222926139832, 0.9745222926139832, 0.9745222926139832, 0.9745222926139832, 0.9745222926139832, 0.9745222926139832, 0.9745222926139832, 0.9745222926139832, 0.9745222926139832, 0.9745222926139832, 0.9745222926139832, 0.9745222926139832, 0.9745222926139832, 0.9745222926139832, 0.9745222926139832, 0.9745222926139832, 0.9745222926139832, 0.9745222926139832, 0.9745222926139832, 0.9745222926139832, 0.9745222926139832, 0.9745222926139832, 0.9745222926139832, 0.9745222926139832, 0.9745222926139832, 0.9745222926139832, 0.9745222926139832, 0.9745222926139832, 0.9745222926139832, 0.9745222926139832, 0.9745222926139832],