{"accuracy": [0.5618101358413696, 0.7019867300987244, 0.751655638217926, 0.7935982346534729, 0.8189845681190491, 0.8653421401977539, 0.8929359912872314, 0.8995584845542908, 0.9304635524749756, 0.932671070098877, 0.9370861053466797, 0.9459161162376404, 0.9569536447525024, 0.9569536447525024, 0.9646798968315125, 0.9679911732673645, 0.9701986908912659, 0.9635761380195618, 0.9679911732673645, 0.9735099077224731, 0.9823399782180786, 0.9823399782180786, 0.9856511950492859, 0.9878587126731873, 0.9878587126731873, 0.9911699891090393, 0.9933775067329407, 0.9933775067329407, 0.9944812655448914, 0.996688723564148, 0.996688723564148, 0.9977924823760986, 0.996688723564148, 0.9955849647521973, 0.996688723564148, 0.996688723564148, 0.9977924823760986, 0.9977924823760986, 0.9977924823760986, 0.9977924823760986, 0.9988962411880493, 0.9988962411880493, 0.9977924823760986, 0.9977924823760986, 0.9955849647521973, 0.9988962411880493, 0.9988962411880493, 0.9977924823760986, 1.0, 1.0, 1.0, 0.9988962411880493, 1.0, 1.0, 1.0, 1.0, 1.0, 1.0, 1.0, 1.0, 1.0, 1.0, 1.0, 0.9988962411880493, 1.0, 1.0, 1.0, 1.0, 0.9988962411880493, 1.0, 1.0, 1.0, 1.0, 1.0, 1.0, 1.0, 1.0, 1.0, 1.0, 1.0, 1.0, 1.0, 1.0, 1.0, 1.0, 1.0, 1.0, 1.0, 1.0, 1.0, 1.0, 0.9988962411880493, 1.0, 1.0, 1.0, 1.0, 1.0, 1.0, 1.0, 1.0], "loss": [0.6835683584213257, 0.6384676098823547, 0.6015968322753906, 0.5532584190368652, 0.5034441351890564, 0.45722174644470215, 0.40111809968948364, 0.34621164202690125, 0.3082864582538605, 0.2680349051952362, 0.24165339767932892, 0.20760059356689453, 0.17963950335979462, 0.17279183864593506, 0.1547113060951233, 0.1364753544330597, 0.13076353073120117, 0.11991554498672485, 0.11112900078296661, 0.10726677626371384, 0.08510007709264755, 0.07904890924692154, 0.07597316801548004, 0.058979328721761703, 0.05523165687918663, 0.045267894864082336, 0.04141823202371597, 0.03901234641671181, 0.03731497377157211, 0.023150989785790443, 0.028298169374465942, 0.02187783271074295, 0.02001383900642395, 0.02884792722761631, 0.022356372326612473, 0.016978204250335693, 0.013907467015087605, 0.014461914077401161, 0.013119544833898544, 0.012887190096080303, 0.013419941067695618, 0.009947219863533974, 0.012610387988388538, 0.016290685161948204, 0.015351694077253342, 0.01855466514825821, 0.011074205860495567, 0.010242837481200695, 0.009354518726468086, 0.007868223823606968, 0.0091559998691082, 0.009893733076751232, 0.008951774798333645, 0.007472348865121603, 0.00877048633992672, 0.008755296468734741, 0.008699766360223293, 0.008501705713570118, 0.008112634532153606, 0.0077722626738250256, 0.00762427132576704, 0.008451947942376137, 0.008686413988471031, 0.008731242269277573, 0.007583359256386757, 0.006763840559870005, 0.007227680180221796, 0.00668334448710084, 0.0070542930625379086, 0.009249906986951828, 0.008222992531955242, 0.006401607301086187, 0.008912581019103527, 0.009035050868988037, 0.0076253460720181465, 0.006194734480232, 0.006613404024392366, 0.007134046871215105, 0.006786254234611988, 0.007048625964671373, 0.007322396617382765, 0.008575258776545525, 0.007998927496373653, 0.007579350844025612, 0.007690247613936663, 0.006882430519908667, 0.007457870990037918, 0.007231362164020538, 0.006698126904666424, 0.006417965050786734, 0.008194683119654655, 0.008167651481926441, 0.006295027676969767, 0.008139640092849731, 0.006835116073489189, 0.0063419947400689125, 0.007508731447160244, 0.00654327729716897, 0.006620288826525211, 0.006082802079617977], "val_accuracy": [0.41333332657814026, 0.4977777898311615, 0.5066666603088379, 0.5066666603088379, 0.54666668176651, 0.5600000023841858, 0.5733333230018616, 0.6355555653572083, 0.6577777862548828, 0.6711111068725586, 0.6933333277702332, 0.7111111283302307, 0.7555555701255798, 0.7733333110809326, 0.8444444537162781, 0.8399999737739563, 0.9066666960716248, 0.8799999952316284, 0.9200000166893005, 0.9288889169692993, 0.9244444370269775, 0.9155555367469788, 0.9377777576446533, 0.9288889169692993, 0.9377777576446533, 0.9377777576446533, 0.9377777576446533, 0.9377777576446533, 0.9333333373069763, 0.9288889169692993, 0.9288889169692993, 0.9155555367469788, 0.9111111164093018, 0.9200000166893005, 0.9155555367469788, 0.9244444370269775, 0.9200000166893005, 0.9200000166893005, 0.9244444370269775, 0.9200000166893005, 0.9288889169692993, 0.9244444370269775, 0.9244444370269775, 0.9244444370269775, 0.9244444370269775, 0.9244444370269775, 0.9244444370269775, 0.9244444370269775, 0.9244444370269775, 0.9288889169692993, 0.9288889169692993, 0.9288889169692993, 0.9288889169692993, 0.9333333373069763, 0.9333333373069763, 0.9333333373069763, 0.9333333373069763, 0.9333333373069763, 0.9333333373069763, 0.9333333373069763, 0.9333333373069763, 0.9333333373069763, 0.9333333373069763, 0.9333333373069763, 0.9333333373069763, 0.9333333373069763, 0.9333333373069763, 0.9333333373069763, 0.9333333373069763, 0.9333333373069763, 0.9333333373069763, 0.9333333373069763, 0.9333333373069763, 0.9333333373069763, 0.9333333373069763, 0.9333333373069763, 0.9333333373069763, 0.9288889169692993, 0.9288889169692993, 0.9288889169692993, 0.9288889169692993, 0.9288889169692993, 0.9288889169692993, 0.9288889169692993, 0.9288889169692993, 0.9288889169692993, 0.9288889169692993, 0.9288889169692993, 0.9288889169692993, 0.9288889169692993, 0.9288889169692993, 0.9288889169692993, 0.9288889169692993, 0.9288889169692993, 0.9288889169692993, 0.9288889169692993, 0.9288889169692993, 0.9288889169692993, 0.9288889169692993, 0.9288889169692993], "val_loss": [0.6963701844215393, 0.6925112009048462, 0.6891273856163025, 0.6839293837547302, 0.6752759218215942, 0.6632921695709229, 0.6471312046051025, 0.620661735534668, 0.5987319350242615, 0.562838613986969, 0.5228442549705505, 0.48812609910964966, 0.4480043649673462, 0.4239377975463867, 0.3659639358520508, 0.351748526096344, 0.27620506286621094, 0.2970433831214905, 0.21028371155261993, 0.21860647201538086, 0.18434686958789825, 0.1953255832195282, 0.17021209001541138, 0.16857388615608215, 0.15853874385356903, 0.1545848250389099, 0.1572338342666626, 0.1569129079580307, 0.16166387498378754, 0.1598876714706421, 0.16599449515342712, 0.17216959595680237, 0.18696439266204834, 0.19062435626983643, 0.1873960644006729, 0.18652309477329254, 0.19072380661964417, 0.19829785823822021, 0.1991146206855774, 0.20018313825130463, 0.200033500790596, 0.20618894696235657, 0.21162714064121246, 0.21072310209274292, 0.2114557921886444, 0.20877891778945923, 0.20792457461357117, 0.20817463099956512, 0.2078828662633896, 0.20911434292793274, 0.2094944566488266, 0.20997565984725952, 0.21065402030944824, 0.21170243620872498, 0.21314723789691925, 0.2148662954568863, 0.21656416356563568, 0.2185152918100357, 0.2193424105644226, 0.2199547290802002, 0.22044380009174347, 0.2208430916070938, 0.22140495479106903, 0.22220832109451294, 0.22267569601535797, 0.22319284081459045, 0.2238069474697113, 0.22427299618721008, 0.22475257515907288, 0.22507460415363312, 0.22532545030117035, 0.2256939858198166, 0.22614650428295135, 0.2267961949110031, 0.22736765444278717, 0.22792762517929077, 0.22844411432743073, 0.2288951277732849, 0.2292064130306244, 0.22925840318202972, 0.2294394075870514, 0.22969543933868408, 0.22985251247882843, 0.22991405427455902, 0.2298649400472641, 0.22978292405605316, 0.23013000190258026, 0.23085907101631165, 0.23135904967784882, 0.23168253898620605, 0.23213380575180054, 0.23247799277305603, 0.2326650619506836, 0.23292408883571625, 0.23318101465702057, 0.23356619477272034, 0.23391981422901154, 0.23434937000274658, 0.2346714287996292, 0.2348400354385376],