{
  "accuracy": [
    0.517175555229187,
    0.6278625726699829,
    0.7805343270301819,
    0.8807252049446106,
    0.9227099418640137,
    0.9494274854660034,
    0.9685114622116089,
    0.9751908183097839,
    0.9818702340126038,
    0.9885495901107788,
    0.9799618124961853,
    0.9742366671562195,
    0.9809160232543945,
    0.9885495901107788,
    0.989503800868988,
    0.9875954389572144,
    0.9933205842971802,
    0.9914122223854065,
    0.9885495901107788,
    0.989503800868988,
    0.9923664331436157,
    0.9809160232543945,
    0.9847328066825867,
    0.989503800868988,
    0.9809160232543945,
    0.9847328066825867,
    0.989503800868988,
    0.9904580116271973,
    0.9904580116271973,
    0.9914122223854065,
    0.989503800868988,
    0.9866412281990051,
    0.9904580116271973,
    0.9904580116271973,
    0.9885495901107788,
    0.9885495901107788,
    0.9933205842971802,
    0.9961832165718079,
    0.9971374273300171,
    0.9971374273300171
  ],
  "loss": [
    0.9359194040298462,
    0.640085756778717,
    0.48714327812194824,
    0.3298456370830536,
    0.2111014723777771,
    0.12436208873987198,
    0.07765451818704605,
    0.06925565004348755,
    0.05167917162179947,
    0.0387168824672699,
    0.05558095872402191,
    0.07108975201845169,
    0.06856747716665268,
    0.033674586564302444,
    0.03141840547323227,
    0.0309269018471241,
    0.018489895388484,
    0.02456553466618061,
    0.03232337534427643,
    0.02931479923427105,
    0.02203112095594406,
    0.053037241101264954,
    0.04666876420378685,
    0.03373679518699646,
    0.056923337280750275,
    0.03648161143064499,
    0.02655349113047123,
    0.01872793771326542,
    0.020384913310408592,
    0.01700030267238617,
    0.025878645479679108,
    0.03755722939968109,
    0.023058747872710228,
    0.018887845799326897,
    0.025474682450294495,
    0.02510189078748226,
    0.021469805389642715,
    0.012956632301211357,
    0.007979178801178932,
    0.009323228150606155
  ],
  "val_accuracy": [
    0.5711538195610046,
    0.6288461685180664,
    0.8326923251152039,
    0.8980769515037537,
    0.9288461804389954,
    0.9538461565971375,
    0.9153845906257629,
    0.9653846025466919,
    0.9730769395828247,
    0.9788461327552795,
    0.9692307710647583,
    0.9750000238418579,
    0.9711538553237915,
    0.9730769395828247,
    0.9769230484962463,
    0.9750000238418579,
    0.9788461327552795,
    0.9807692170143127,
    0.9750000238418579,
    0.9807692170143127,
    0.9788461327552795,
    0.9750000238418579,
    0.9596154093742371,
    0.9692307710647583,
    0.9769230484962463,
    0.982692301273346,
    0.9730769395828247,
    0.9750000238418579,
    0.982692301273346,
    0.9788461327552795,
    0.9711538553237915,
    0.9673076868057251,
    0.9788461327552795,
    0.9730769395828247,
    0.9692307710647583,
    0.9807692170143127,
    0.9807692170143127,
    0.9788461327552795,
    0.9807692170143127,
    0.9788461327552795
  ],
  "val_loss": [
    0.6590835452079773,
    0.5855039358139038,
    0.3750475347042084,
    0.2610524594783783,
    0.21498353779315948,
    0.12468893826007843,
    0.2130693942308426,
    0.10038971900939941,
    0.09540732204914093,
    0.07768639177083969,
    0.10774444043636322,
    0.07333613932132721,
    0.08459325134754181,
    0.08286275714635849,
    0.08162394165992737,
    0.08135299384593964,
    0.07385780662298203,
    0.07425394654273987,
    0.08820885419845581,
    0.06270398944616318,
    0.0694761648774147,
    0.07897965610027313,
    0.12909425795078278,
    0.09612875431776047,
    0.07132302224636078,
    0.0663376897573471,
    0.07701057940721512,
    0.08836200833320618,
    0.07920657843351364,
    0.09008732438087463,
    0.12315008044242859,
    0.08664185553789139,
    0.07123754918575287,
    0.10226279497146606,
    0.12338818609714508,
    0.06727752834558487,
    0.07702513784170151,
    0.08580463379621506,
    0.09490330517292023,
    0.09991218894720078
  ]
}