{
  "class_acc": [
    0.5264550447463989,
    0.6269841194152832,
    0.7751322984695435,
    0.8624338507652283,
    0.8994709253311157,
    0.9232804179191589,
    0.9232804179191589,
    0.9259259104728699,
    0.9417989253997803,
    0.9576719403266907,
    0.9682539701461792,
    0.976190447807312,
    0.9682539701461792,
    0.9708994626998901,
    0.976190447807312,
    0.9722222089767456,
    0.9695767164230347,
    0.976190447807312,
    0.9801587462425232,
    0.9867724776268005,
    0.9788359999656677,
    0.9722222089767456,
    0.9788359999656677,
    0.976190447807312,
    0.9828042387962341,
    0.9801587462425232,
    0.9854497313499451,
    0.9920634627342224,
    0.9907407164573669,
    0.9960317611694336,
    0.9775132536888123,
    0.9748677015304565,
    0.9788359999656677,
    0.9841269850730896,
    0.988095223903656,
    0.9920634627342224,
    0.9973545074462891,
    0.9960317611694336,
    0.9920634627342224,
    0.9960317611694336
  ],
  "loss": [
    2.451036214828491,
    1.8840477466583252,
    1.6309312582015991,
    1.4123013019561768,
    1.254334568977356,
    1.1991411447525024,
    1.1756315231323242,
    1.187340497970581,
    1.1506664752960205,
    1.0731195211410522,
    1.0485647916793823,
    0.9935929179191589,
    0.9897494316101074,
    0.9615549445152283,
    0.9334427118301392,
    0.9315661191940308,
    0.9262723326683044,
    0.8905664086341858,
    0.8546128869056702,
    0.8377822637557983,
    0.8482069373130798,
    0.8573538064956665,
    0.8322837948799133,
    0.8151910305023193,
    0.8058030605316162,
    0.7855184078216553,
    0.7610116600990295,
    0.7436922192573547,
    0.74355149269104,
    0.7266362905502319,
    0.7642027139663696,
    0.8014499545097351,
    0.7777450084686279,
    0.7528941631317139,
    0.7151798605918884,
    0.6880905032157898,
    0.6783396601676941,
    0.6713239550590515,
    0.692683219909668,
    0.6804063320159912
  ],
  "val_class_acc": [
    0.5,
    0.7914438247680664,
    0.885026752948761,
    0.9064171314239502,
    0.9331550598144531,
    0.9491978883743286,
    0.9545454382896423,
    0.9171122908592224,
    0.9652406573295593,
    0.9759358167648315,
    0.9759358167648315,
    0.9759358167648315,
    0.9759358167648315,
    0.970588207244873,
    0.9732620120048523,
    0.9545454382896423,
    0.9786096215248108,
    0.98128342628479,
    0.98128342628479,
    0.98128342628479,
    0.9732620120048523,
    0.970588207244873,
    0.98128342628479,
    0.9759358167648315,
    0.9839572310447693,
    0.98128342628479,
    0.9839572310447693,
    0.9786096215248108,
    0.9786096215248108,
    0.9652406573295593,
    0.9598930478096008,
    0.9759358167648315,
    0.9652406573295593,
    0.9786096215248108,
    0.970588207244873,
    0.9759358167648315,
    0.9839572310447693,
    0.9839572310447693,
    0.970588207244873,
    0.970588207244873
  ],
  "val_loss": [
    2.023159980773926,
    1.754918098449707,
    1.5056668519973755,
    1.3052486181259155,
    1.2321323156356812,
    1.1909830570220947,
    1.187340497970581,
    1.2955026626586914,
    1.1176643371582031,
    1.112505316734314,
    1.0606852769851685,
    1.0615904331207275,
    1.0429706573486328,
    1.015968680381775,
    0.9888218641281128,
    1.0805916786193848,
    0.973273515701294,
    0.981340229511261,
    0.9493856430053711,
    0.9550535678863525,
    0.957517683506012,
    0.9269007444381714,
    0.9378914833068848,
    0.9613327383995056,
    0.8678205609321594,
    0.9090216159820557,
    0.8626015186309814,
    0.9072723388671875,
    0.8679033517837524,
    0.9051377177238464,
    0.9694898724555969,
    0.8795104622840881,
    0.8639640808105469,
    0.8389383554458618,
    0.9660540223121643,
    0.8313611745834351,
    0.8287938833236694,
    0.8346957564353943,
    0.9000018835067749,
    0.8471993207931519
  ]
}