{"class_acc": [0.5045045018196106, 0.5300300121307373, 0.6861861944198608, 0.8468468189239502, 0.8858858942985535, 0.8963963985443115, 0.9159159064292908, 0.93543541431427, 0.954954981803894, 0.9579579830169678, 0.966966986656189, 0.9654654860496521, 0.966966986656189, 0.9654654860496521, 0.9519519805908203, 0.9684684872627258, 0.977477490901947, 0.9834834933280945, 0.9729729890823364, 0.9714714884757996, 0.9804804921150208, 0.9789789915084839, 0.9834834933280945, 0.9789789915084839, 0.9759759902954102, 0.9804804921150208, 0.9594594836235046, 0.9639639854431152, 0.9519519805908203, 0.9654654860496521, 0.9894894957542419, 0.9879879951477051, 0.9954954981803894, 0.9894894957542419, 0.9939939975738525, 0.9909909963607788, 0.9954954981803894, 0.9939939975738525, 0.9894894957542419, 0.9939939975738525], "loss": [2.94665789604187, 2.317762851715088, 2.0797698497772217, 1.834644079208374, 1.6466327905654907, 1.5391312837600708, 1.4826701879501343, 1.4233351945877075, 1.3898423910140991, 1.3565248250961304, 1.3322160243988037, 1.2888102531433105, 1.2552740573883057, 1.230451226234436, 1.2414222955703735, 1.1878741979599, 1.1648210287094116, 1.1408076286315918, 1.1215581893920898, 1.1193885803222656, 1.0904672145843506, 1.0709401369094849, 1.0492571592330933, 1.0587838888168335, 1.0546200275421143, 1.0307135581970215, 1.089660882949829, 1.077525019645691, 1.11446213722229, 1.0400174856185913, 0.9620316624641418, 0.9525597095489502, 0.9468784928321838, 0.9530603885650635, 0.9275108575820923, 0.9211930632591248, 0.9127550721168518, 0.9009993076324463, 0.9003621935844421, 0.8778939247131348], "val_class_acc": [0.504531741142273, 0.7703927755355835, 0.8489425778388977, 0.870090663433075, 0.8972809910774231, 0.9184290170669556, 0.9305136203765869, 0.9667673707008362, 0.9486404657363892, 0.9728096723556519, 0.9848942756652832, 0.9788519740104675, 0.9667673707008362, 0.9728096723556519, 0.9697884917259216, 0.9788519740104675, 0.9728096723556519, 0.9758307933807373, 0.9788519740104675, 0.981873095035553, 0.981873095035553, 0.9697884917259216, 0.9788519740104675, 0.9546827673912048, 0.9728096723556519, 0.9365558624267578, 0.9577039480209351, 0.9697884917259216, 0.9848942756652832, 0.9728096723556519, 0.9879153966903687, 0.9758307933807373, 0.981873095035553, 0.981873095035553, 0.9848942756652832, 0.9879153966903687, 0.9879153966903687, 0.9848942756652832, 0.9848942756652832, 0.9909365773200989], "val_loss": [2.2576990127563477, 1.8971590995788574, 1.7110474109649658, 1.5008140802383423, 1.390155553817749, 1.2871017456054688, 1.2084722518920898, 1.1803511381149292, 1.1714345216751099, 1.1280936002731323, 1.081079363822937, 1.0719735622406006, 1.089253544807434, 1.0636520385742188, 1.0610313415527344, 1.0586364269256592, 1.0404876470565796, 1.0195444822311401, 1.023095726966858, 1.0253489017486572, 1.0047365427017212, 0.985778272151947, 0.999891459941864, 1.0466806888580322, 0.9906574487686157, 1.0721689462661743, 1.0575227737426758, 0.9625560641288757, 0.9444851279258728, 0.936109721660614, 0.8733993768692017, 0.8896897435188293, 0.9045416712760925, 0.8859188556671143, 0.8806504607200623, 0.8542200326919556, 0.8589396476745605, 0.8543822765350342, 0.8126006722450256, 0.8471497893333435]}