{"class_acc": [0.5563910007476807, 0.5363408327102661, 0.6115288138389587, 0.8220551609992981, 0.786967396736145, 0.9223057627677917, 0.9448621273040771, 0.9498746991157532, 0.9624060392379761, 0.9598997235298157, 0.9849624037742615, 0.9774436354637146, 0.9874686598777771, 0.9949874877929688, 1.0, 1.0, 1.0, 1.0, 1.0, 1.0, 1.0, 1.0, 1.0, 1.0, 1.0, 1.0, 1.0, 1.0, 1.0, 1.0, 1.0, 1.0, 1.0, 1.0, 1.0, 1.0, 1.0, 1.0, 1.0, 1.0], "loss": [1.1694211959838867, 0.7620616555213928, 0.6673934459686279, 0.47492241859436035, 0.4311310946941376, 0.28653714060783386, 0.18687985837459564, 0.16194206476211548, 0.1401742696762085, 0.1057613343000412, 0.04267175495624542, 0.05386146530508995, 0.040023285895586014, 0.01780601032078266, 0.008945231325924397, 0.004651415161788464, 0.0019577383063733578, 0.0009731439058668911, 0.0006803474971093237, 0.00027577957371249795, 0.00039201235631480813, 0.0002846641873475164, 0.000109865766717121, 0.0005886981380172074, 0.000824200629722327, 0.0005096166278235614, 0.00011291958071524277, 0.0003145514929201454, 3.753447890630923e-05, 3.875570109812543e-05, 6.28191337455064e-05, 2.705209408304654e-05, 2.4748602299951017e-05, 3.1514653528574854e-05, 2.6774336220114492e-05, 2.5061248379643075e-05, 2.540216883062385e-05, 3.989684773841873e-05, 3.856148759950884e-05, 2.417874384263996e-05], "val_class_acc": [0.49425286054611206, 0.7279693484306335, 0.7854406237602234, 0.8084291219711304, 0.8659003973007202, 0.8773946166038513, 0.8850574493408203, 0.8965517282485962, 0.8965517282485962, 0.8620689511299133, 0.8697317838668823, 0.8888888955116272, 0.8735632300376892, 0.8927202820777893, 0.8965517282485962, 0.8888888955116272, 0.9080459475517273, 0.9003831148147583, 0.8965517282485962, 0.8927202820777893, 0.8927202820777893, 0.8965517282485962, 0.9042145609855652, 0.8927202820777893, 0.8965517282485962, 0.8965517282485962, 0.8965517282485962, 0.8927202820777893, 0.8965517282485962, 0.9042145609855652, 0.9003831148147583, 0.8965517282485962, 0.8965517282485962, 0.8965517282485962, 0.8965517282485962, 0.8965517282485962, 0.8965517282485962, 0.8965517282485962, 0.8965517282485962, 0.8965517282485962], "val_loss": [1.0032143592834473, 0.6434961557388306, 0.5935078859329224, 0.5667940974235535, 0.4526281952857971, 0.4579917788505554, 0.4940505921840668, 0.4407045543193817, 0.4235687553882599, 0.4200679063796997, 0.496724396944046, 0.6169378757476807, 0.7427747249603271, 0.6739413738250732, 0.5909874439239502, 0.7591625452041626, 0.6881699562072754, 0.774802029132843, 0.8722386360168457, 0.9482175707817078, 0.9444943070411682, 0.9266500473022461, 0.9306362867355347, 0.9736723303794861, 1.0131844282150269, 1.0099787712097168, 1.0404452085494995, 1.0328189134597778, 1.0339761972427368, 1.0374678373336792, 1.0453814268112183, 1.056898832321167, 1.0647085905075073, 1.0684410333633423, 1.0715129375457764, 1.0743987560272217, 1.0781927108764648, 1.0828908681869507, 1.0893220901489258, 1.0947283506393433]}