{"class_acc": [0.5247619152069092, 0.7180952429771423, 0.8580952286720276, 0.9114285707473755, 0.9590476155281067, 0.9733333587646484, 0.977142870426178, 0.9638095498085022, 0.9714285731315613, 0.9866666793823242, 0.9790475964546204, 0.9828571677207947, 0.9752380847930908, 0.9714285731315613, 0.9638095498085022, 0.9876190423965454, 0.9885714054107666, 0.9923809766769409, 0.991428554058075, 0.977142870426178, 0.9723809361457825, 0.9628571271896362, 0.9780952334403992, 0.9828571677207947, 0.9923809766769409, 0.9885714054107666, 0.9961904883384705, 0.9961904883384705, 0.9961904883384705, 0.9961904883384705, 0.9942857027053833, 0.9847618937492371, 0.9819047451019287, 0.9933333396911621, 0.9980952143669128, 0.9990476369857788, 0.9961904883384705, 0.9980952143669128, 0.9971428513526917, 0.9990476369857788], "loss": [2.4510257244110107, 1.8719555139541626, 1.59605073928833, 1.408225178718567, 1.2650859355926514, 1.214700698852539, 1.1639854907989502, 1.174985408782959, 1.1448851823806763, 1.0815238952636719, 1.0535345077514648, 1.0325285196304321, 1.0287929773330688, 1.0159356594085693, 1.0078682899475098, 0.9526464939117432, 0.925609827041626, 0.8923166990280151, 0.8772618174552917, 0.9079077243804932, 0.916451096534729, 0.9556279182434082, 0.8649293780326843, 0.8584581017494202, 0.8338782787322998, 0.8242306113243103, 0.7939096093177795, 0.7973831295967102, 0.7611587047576904, 0.8164302706718445, 0.8145692944526672, 0.8180687427520752, 0.8302569389343262, 0.7805308103561401, 0.7466579079627991, 0.7427612543106079, 0.7246888875961304, 0.7239697575569153, 0.7426762580871582, 0.7272250652313232], "val_class_acc": [0.834296703338623, 0.8978805541992188, 0.9171483516693115, 0.9537572264671326, 0.9710982441902161, 0.9807322025299072, 0.9710982441902161, 0.9826589822769165, 0.9884393215179443, 0.9749518036842346, 0.9691714644432068, 0.9826589822769165, 0.9094412326812744, 0.9826589822769165, 0.9807322025299072, 0.978805422782898, 0.9865125417709351, 0.9865125417709351, 0.9749518036842346, 0.9556840062141418, 0.9691714644432068, 0.9807322025299072, 0.9710982441902161, 0.9730250239372253, 0.9884393215179443, 0.9807322025299072, 0.9826589822769165, 0.9884393215179443, 0.9768785834312439, 0.9942196607589722, 0.9807322025299072, 0.9672446846961975, 0.9710982441902161, 0.9903661012649536, 0.9865125417709351, 0.9865125417709351, 0.9865125417709351, 0.978805422782898, 0.9845857620239258, 0.9884393215179443], "val_loss": [1.8182917833328247, 1.5490164756774902, 1.2752885818481445, 1.146667718887329, 1.0911024808883667, 1.0647783279418945, 1.072525143623352, 1.0442805290222168, 0.9967303276062012, 0.9543493986129761, 0.9687023162841797, 0.932437002658844, 1.1024267673492432, 0.897401750087738, 0.8824140429496765, 0.8752878904342651, 0.8522338271141052, 0.8285816311836243, 0.8134752511978149, 0.8910586833953857, 0.8637152910232544, 0.7487074136734009, 0.8704698085784912, 0.817177414894104, 0.7327523827552795, 0.7716917395591736, 0.7461203336715698, 0.7300432920455933, 0.8326022624969482, 0.7481095790863037, 0.7998350858688354, 0.8190363049507141, 0.7776318192481995, 0.6945473551750183, 0.7092361450195312, 0.6519466638565063, 0.682754635810852, 0.7339394092559814, 0.6908133625984192, 0.7370688915252686]}