{"class_acc": [0.5095652341842651, 0.5878260731697083, 0.7930434942245483, 0.8886956572532654, 0.9095652103424072, 0.9530434608459473, 0.9739130139350891, 0.9773913025856018, 0.9791304469108582, 0.9721739292144775, 0.9878261089324951, 0.9930434823036194, 0.9878261089324951, 0.9878261089324951, 0.9826086759567261, 0.9826086759567261, 0.9860869646072388, 0.9686956405639648, 0.9599999785423279, 0.9791304469108582, 0.9930434823036194, 0.9947826266288757, 0.991304337978363, 0.9930434823036194, 0.9947826266288757, 0.9947826266288757, 0.9965217113494873, 0.9947826266288757, 0.9947826266288757, 0.9947826266288757, 0.9930434823036194, 0.991304337978363, 0.9982608556747437, 1.0, 1.0, 1.0, 1.0, 1.0, 1.0, 1.0], "loss": [1.1251721382141113, 0.685258150100708, 0.5100449919700623, 0.3591836988925934, 0.2238607406616211, 0.12304525822401047, 0.08180583268404007, 0.09071099013090134, 0.07059808820486069, 0.05001724511384964, 0.04122793674468994, 0.01919514872133732, 0.03231179341673851, 0.03686341270804405, 0.05359281972050667, 0.04488614201545715, 0.04339926317334175, 0.09060471504926682, 0.12631960213184357, 0.0571570098400116, 0.023366842418909073, 0.015883155167102814, 0.022320769727230072, 0.018593741580843925, 0.013418632559478283, 0.013167585246264935, 0.009537633508443832, 0.018359286710619926, 0.010552050545811653, 0.014433003030717373, 0.01525237038731575, 0.0185604989528656, 0.009324299171566963, 0.002609511837363243, 0.0008814922766759992, 0.0008436687057837844, 0.00047859628102742136, 0.00038791372207924724, 0.00040281322435475886, 0.00023548882745672017], "val_class_acc": [0.5026738047599792, 0.740641713142395, 0.8181818127632141, 0.866310179233551, 0.8983957171440125, 0.9251337051391602, 0.9411764740943909, 0.8983957171440125, 0.9411764740943909, 0.9411764740943909, 0.9197860956192017, 0.9411764740943909, 0.9304812550544739, 0.9331550598144531, 0.9491978883743286, 0.9278075098991394, 0.9331550598144531, 0.9358288645744324, 0.9171122908592224, 0.9278075098991394, 0.9385026693344116, 0.9385026693344116, 0.9438502788543701, 0.9385026693344116, 0.9438502788543701, 0.9438502788543701, 0.9518716335296631, 0.9572192430496216, 0.9545454382896423, 0.9598930478096008, 0.9572192430496216, 0.9465240836143494, 0.9625668525695801, 0.9652406573295593, 0.9652406573295593, 0.9652406573295593, 0.9625668525695801, 0.9652406573295593, 0.9652406573295593, 0.9652406573295593], "val_loss": [0.72138911485672, 0.5862374305725098, 0.4587932825088501, 0.29591068625450134, 0.2317141741514206, 0.28690916299819946, 0.3256498873233795, 0.5392478704452515, 0.22263756394386292, 0.24061839282512665, 0.27198103070259094, 0.280207097530365, 0.2698154151439667, 0.3018653690814972, 0.2435731589794159, 0.2847698926925659, 0.33484432101249695, 0.31574755907058716, 0.2891218960285187, 0.2773571014404297, 0.28817933797836304, 0.293959379196167, 0.2979903817176819, 0.2945277690887451, 0.2751689553260803, 0.2630406618118286, 0.2765304744243622, 0.2322491556406021, 0.2524099349975586, 0.2343846708536148, 0.23725740611553192, 0.2889309525489807, 0.2590550184249878, 0.26575174927711487, 0.2772360146045685, 0.28858381509780884, 0.3019718527793884, 0.3067883849143982, 0.309220552444458, 0.318392813205719]}