{"class_acc": [0.5087939500808716, 0.6218593120574951, 0.8479899764060974, 0.9170854091644287, 0.9660804271697998, 0.9912060499191284, 0.9811557531356812, 0.9886934757232666, 0.9849246144294739, 0.9912060499191284, 0.9962311387062073, 0.9987437129020691, 1.0, 1.0, 1.0, 1.0, 1.0, 0.9660804271697998, 0.9773869514465332, 0.9912060499191284, 0.9949748516082764, 0.9974874258041382, 0.9987437129020691, 0.9962311387062073, 0.9987437129020691, 0.9974874258041382, 0.9974874258041382, 0.9962311387062073, 0.9962311387062073, 0.9949748516082764, 0.9962311387062073, 0.9949748516082764, 0.9937185645103455, 0.9761306643486023, 0.9773869514465332, 0.9962311387062073, 1.0, 1.0, 1.0, 1.0], "loss": [1.0336195230484009, 0.6433025002479553, 0.4401840567588806, 0.2489500641822815, 0.09990903735160828, 0.032069213688373566, 0.04468589648604393, 0.07804553210735321, 0.05852152407169342, 0.030843423679471016, 0.018242107704281807, 0.00505074905231595, 0.0022394205443561077, 0.000708006031345576, 0.0004937565536238253, 0.000637443270534277, 0.0019788299687206745, 0.20224347710609436, 0.060041394084692, 0.028126422315835953, 0.01190746109932661, 0.006327614188194275, 0.0043990397825837135, 0.014189439825713634, 0.002632946241647005, 0.003023467492312193, 0.008299307897686958, 0.006884538568556309, 0.016837870702147484, 0.00898132473230362, 0.01591128669679165, 0.013848433271050453, 0.012017861939966679, 0.06197096034884453, 0.07981956750154495, 0.011259730905294418, 0.0030157924629747868, 0.0010049566626548767, 0.00032759466557763517, 0.00022319752315524966], "val_class_acc": [0.5125240683555603, 0.7803468108177185, 0.8458574414253235, 0.8901734352111816, 0.9402697682380676, 0.9287090301513672, 0.8882466554641724, 0.9152215719223022, 0.9421965479850769, 0.9518304467201233, 0.949903666973114, 0.9576107859611511, 0.9556840062141418, 0.9576107859611511, 0.9556840062141418, 0.9556840062141418, 0.9595375657081604, 0.9556840062141418, 0.949903666973114, 0.9460501074790955, 0.9518304467201233, 0.9518304467201233, 0.9576107859611511, 0.9441233277320862, 0.9653179049491882, 0.9344894289970398, 0.9691714644432068, 0.9229286909103394, 0.9710982441902161, 0.9556840062141418, 0.963391125202179, 0.9421965479850769, 0.9441233277320862, 0.9152215719223022, 0.9441233277320862, 0.9614643454551697, 0.9595375657081604, 0.963391125202179, 0.9653179049491882, 0.963391125202179], "val_loss": [0.6887239217758179, 0.5513712167739868, 0.33616575598716736, 0.3031233549118042, 0.1883338987827301, 0.2831387519836426, 0.8246319890022278, 0.3045826554298401, 0.20839844644069672, 0.15730984508991241, 0.20966283977031708, 0.1826808750629425, 0.22360683977603912, 0.21941745281219482, 0.2542887330055237, 0.25952693819999695, 0.24119943380355835, 0.16222111880779266, 0.14408273994922638, 0.2235383838415146, 0.1633332520723343, 0.2932708263397217, 0.1934872269630432, 0.3637140393257141, 0.1972532570362091, 0.30617040395736694, 0.19573383033275604, 0.4463426172733307, 0.17191393673419952, 0.328697144985199, 0.22241850197315216, 0.3797656297683716, 0.252381831407547, 0.45257219672203064, 0.24091878533363342, 0.17858634889125824, 0.23738500475883484, 0.2586559057235718, 0.23593783378601074, 0.252334326505661]}