{"class_acc": [0.5266419053077698, 0.6009913086891174, 0.7100371718406677, 0.8612143993377686, 0.9306071996688843, 0.9702602028846741, 0.9727385640144348, 0.9900867342948914, 1.0, 0.9962825179100037, 0.9925650358200073, 0.9900867342948914, 0.9888476133346558, 0.9900867342948914, 0.9925650358200073, 0.9950433969497681, 1.0, 1.0, 1.0, 0.997521698474884, 0.9950433969497681, 0.997521698474884, 0.997521698474884, 1.0, 0.9987608194351196, 1.0, 1.0, 1.0, 1.0, 1.0, 1.0, 1.0, 1.0, 1.0, 1.0, 1.0, 1.0, 1.0, 1.0, 1.0], "loss": [1.0637545585632324, 0.6764909625053406, 0.5562164187431335, 0.3648533821105957, 0.1748034656047821, 0.07658936083316803, 0.07869047671556473, 0.029126722365617752, 0.010421698912978172, 0.009779075160622597, 0.017889760434627533, 0.03916875272989273, 0.025292593985795975, 0.025182118639349937, 0.022109806537628174, 0.011624299921095371, 0.0019047146197408438, 0.001503809355199337, 0.0014151443028822541, 0.0037935865111649036, 0.020208027213811874, 0.0050458600744605064, 0.002736695809289813, 0.0014033543411642313, 0.0021247901022434235, 0.0012722555547952652, 0.0006530388491228223, 0.00036516194813884795, 0.00013723329175263643, 8.344584057340398e-05, 7.881424244260415e-05, 7.06824503140524e-05, 5.395308107836172e-05, 6.467640196206048e-05, 7.136735075619072e-05, 3.757061131182127e-05, 5.671885082847439e-05, 2.962431426567491e-05, 2.295137346663978e-05, 3.1003120966488495e-05], "val_class_acc": [0.5028901696205139, 0.5568400621414185, 0.7610790133476257, 0.8574181199073792, 0.8959537744522095, 0.9344894289970398, 0.9190751314163208, 0.949903666973114, 0.9479768872261047, 0.9537572264671326, 0.9479768872261047, 0.9383429884910583, 0.9210019111633301, 0.9460501074790955, 0.8940269947052002, 0.9364162087440491, 0.9595375657081604, 0.9595375657081604, 0.9595375657081604, 0.9306358098983765, 0.9518304467201233, 0.9518304467201233, 0.9576107859611511, 0.963391125202179, 0.963391125202179, 0.9595375657081604, 0.9537572264671326, 0.9614643454551697, 0.963391125202179, 0.9595375657081604, 0.9614643454551697, 0.9614643454551697, 0.9614643454551697, 0.9614643454551697, 0.9614643454551697, 0.963391125202179, 0.963391125202179, 0.9614643454551697, 0.9614643454551697, 0.963391125202179], "val_loss": [0.8243445754051208, 0.6748616099357605, 0.5121464729309082, 0.3716261386871338, 0.26299163699150085, 0.24215054512023926, 0.327014297246933, 0.20425128936767578, 0.30033010244369507, 0.37130892276763916, 0.3503870368003845, 0.48187610507011414, 0.365795373916626, 0.2277800589799881, 0.4979150891304016, 0.30078402161598206, 0.25956109166145325, 0.3063049614429474, 0.3036000728607178, 0.4476009011268616, 0.29527777433395386, 0.2759259045124054, 0.2824789881706238, 0.23938558995723724, 0.23569965362548828, 0.2739531099796295, 0.3193923830986023, 0.2775222361087799, 0.2772526741027832, 0.29400840401649475, 0.3050388693809509, 0.3087387979030609, 0.30935800075531006, 0.31122225522994995, 0.3149692714214325, 0.3218674957752228, 0.32849225401878357, 0.3381299376487732, 0.3414476811885834, 0.3435773253440857]}