{"class_acc": [0.522455096244812, 0.6706587076187134, 0.7934131622314453, 0.8847305178642273, 0.908682644367218, 0.9416167736053467, 0.946107804775238, 0.9371257424354553, 0.9520958065986633, 0.9745509028434753, 0.976047933101654, 0.9745509028434753, 0.9835329055786133, 0.9805389046669006, 0.985029935836792, 0.9715569019317627, 0.9595808386802673, 0.96257483959198, 0.9790419340133667, 0.9790419340133667, 0.9715569019317627, 0.9820359349250793, 0.9730538725852966, 0.9790419340133667, 0.9730538725852966, 0.9745509028434753, 0.9655688405036926, 0.96856290102005, 0.9745509028434753, 0.9880239367485046, 0.9970059990882874, 0.9940119981765747, 0.9940119981765747, 0.9970059990882874, 0.9955089688301086, 0.9970059990882874, 0.9985029697418213, 1.0, 0.9970059990882874, 1.0], "loss": [2.7011520862579346, 2.063765525817871, 1.8010306358337402, 1.5737122297286987, 1.4284662008285522, 1.3338305950164795, 1.3129442930221558, 1.3436237573623657, 1.2678451538085938, 1.195170283317566, 1.1712828874588013, 1.1479517221450806, 1.120869755744934, 1.0849575996398926, 1.0767837762832642, 1.1027357578277588, 1.1203314065933228, 1.0962311029434204, 1.0522278547286987, 1.0332987308502197, 1.0172735452651978, 0.9997720122337341, 1.010780930519104, 0.990964949131012, 1.0138328075408936, 1.0082582235336304, 1.0133293867111206, 0.9949226379394531, 0.9579476714134216, 0.9253565669059753, 0.9002271890640259, 0.8844138383865356, 0.8717958331108093, 0.862387478351593, 0.852180540561676, 0.8472578525543213, 0.8317070603370667, 0.8437369465827942, 0.8434984683990479, 0.8232764601707458], "val_class_acc": [0.5121212005615234, 0.8727272748947144, 0.8818181753158569, 0.9151515364646912, 0.9636363387107849, 0.960606038570404, 0.9454545378684998, 0.9424242377281189, 0.9636363387107849, 0.9727272987365723, 0.978787899017334, 0.9848484992980957, 0.9878787994384766, 0.9727272987365723, 0.9727272987365723, 0.9666666388511658, 0.9545454382896423, 0.960606038570404, 0.9666666388511658, 0.9636363387107849, 0.9636363387107849, 0.960606038570404, 0.960606038570404, 0.9484848380088806, 0.9454545378684998, 0.9454545378684998, 0.9545454382896423, 0.9818181991577148, 0.9878787994384766, 0.9818181991577148, 0.9818181991577148, 0.9818181991577148, 0.9818181991577148, 0.9818181991577148, 0.9818181991577148, 0.9878787994384766, 0.9878787994384766, 0.9848484992980957, 0.9878787994384766, 0.9909090995788574], "val_loss": [2.334857940673828, 2.0093085765838623, 1.766887903213501, 1.585363745689392, 1.4721590280532837, 1.4270038604736328, 1.4758051633834839, 1.4635107517242432, 1.3839348554611206, 1.3450464010238647, 1.324254035949707, 1.2688255310058594, 1.2235702276229858, 1.2571805715560913, 1.2298516035079956, 1.231850028038025, 1.2900522947311401, 1.2360864877700806, 1.208809733390808, 1.2047991752624512, 1.165141224861145, 1.1806186437606812, 1.1953788995742798, 1.2729127407073975, 1.2721247673034668, 1.237255334854126, 1.1845176219940186, 1.104293942451477, 1.083317756652832, 1.0485398769378662, 1.0535074472427368, 1.0330004692077637, 1.030643105506897, 1.0442754030227661, 1.0378892421722412, 0.998659074306488, 0.9877196550369263, 0.9761305451393127, 1.0004037618637085, 1.0047519207000732]}