{
  "class_acc": [
    0.5238726735115051,
    0.5848806500434875,
    0.7917771935462952,
    0.8859416246414185,
    0.8978779911994934,
    0.9270557165145874,
    0.9429708123207092,
    0.960212230682373,
    0.9694960117340088,
    0.9801061153411865,
    0.9774535894393921,
    0.9774535894393921,
    0.9840849041938782,
    0.9840849041938782,
    0.9814323782920837,
    0.9787798523902893,
    0.9867374300956726,
    0.9761273264884949,
    0.9297082424163818,
    0.9668434858322144,
    0.9814323782920837,
    0.9761273264884949,
    0.982758641242981,
    0.9867374300956726,
    0.988063633441925,
    0.9840849041938782,
    0.9893898963928223,
    0.9787798523902893,
    0.9787798523902893,
    0.9920424222946167,
    0.9920424222946167,
    0.9920424222946167,
    0.9920424222946167,
    0.9946949481964111,
    0.9867374300956726,
    0.9946949481964111,
    0.9907161593437195,
    0.9960212111473083,
    0.9933686852455139,
    0.9893898963928223
  ],
  "loss": [
    2.424926519393921,
    1.9098985195159912,
    1.660187005996704,
    1.433168888092041,
    1.31557035446167,
    1.1940525770187378,
    1.1438320875167847,
    1.1086355447769165,
    1.0677000284194946,
    1.0268250703811646,
    1.029056429862976,
    1.0095069408416748,
    0.9757418632507324,
    0.9512880444526672,
    0.964954674243927,
    0.9467639923095703,
    0.9183750152587891,
    0.9371643662452698,
    1.0452320575714111,
    0.9238443970680237,
    0.9000893235206604,
    0.8728344440460205,
    0.8424993753433228,
    0.8272528648376465,
    0.8027673363685608,
    0.8158035278320312,
    0.7872257232666016,
    0.8010900020599365,
    0.7987399101257324,
    0.765224039554596,
    0.7511297464370728,
    0.7517045140266418,
    0.7723171710968018,
    0.7230998277664185,
    0.7469346523284912,
    0.7392663359642029,
    0.7224557399749756,
    0.7573930025100708,
    0.7423844337463379,
    0.7374497652053833
  ],
  "val_class_acc": [
    0.5695187449455261,
    0.5721924901008606,
    0.8609625697135925,
    0.8770053386688232,
    0.885026752948761,
    0.9358288645744324,
    0.9358288645744324,
    0.9331550598144531,
    0.9598930478096008,
    0.9545454382896423,
    0.9518716335296631,
    0.9679144620895386,
    0.9679144620895386,
    0.9545454382896423,
    0.9545454382896423,
    0.9652406573295593,
    0.9598930478096008,
    0.9786096215248108,
    0.9358288645744324,
    0.9518716335296631,
    0.9652406573295593,
    0.970588207244873,
    0.98128342628479,
    0.9786096215248108,
    0.9732620120048523,
    0.9625668525695801,
    0.9625668525695801,
    0.9465240836143494,
    0.9679144620895386,
    0.9759358167648315,
    0.9679144620895386,
    0.9679144620895386,
    0.9786096215248108,
    0.9732620120048523,
    0.9786096215248108,
    0.9786096215248108,
    0.970588207244873,
    0.9786096215248108,
    0.9759358167648315,
    0.9679144620895386
  ],
  "val_loss": [
    2.0023858547210693,
    1.790024757385254,
    1.5586720705032349,
    1.3602275848388672,
    1.3546099662780762,
    1.226090908050537,
    1.2456562519073486,
    1.2184937000274658,
    1.1706396341323853,
    1.1888712644577026,
    1.1750990152359009,
    1.1041944026947021,
    1.075767993927002,
    1.090756893157959,
    1.0843055248260498,
    1.0180758237838745,
    1.0316866636276245,
    1.0113904476165771,
    1.079798936843872,
    1.010389804840088,
    0.975741446018219,
    0.9485284090042114,
    0.9076710939407349,
    0.9037874341011047,
    0.9025077819824219,
    0.9381630420684814,
    0.9450263977050781,
    0.9794650673866272,
    0.866222620010376,
    0.825162410736084,
    0.8813408613204956,
    0.9047812223434448,
    0.844811201095581,
    0.8480531573295593,
    0.8679288029670715,
    0.8522206544876099,
    0.8446513414382935,
    0.8375438451766968,
    0.8741850256919861,
    0.8840208649635315
  ]
}