{
  "accuracy": [
    0.5277777910232544,
    0.5687830448150635,
    0.6455026268959045,
    0.8108465671539307,
    0.8664020895957947,
    0.8955026268959045,
    0.9259259104728699,
    0.9259259104728699,
    0.9457672238349915,
    0.9708994626998901,
    0.9722222089767456,
    0.9708994626998901,
    0.9722222089767456,
    0.976190447807312,
    0.9788359999656677,
    0.9801587462425232,
    0.9854497313499451,
    0.9682539701461792,
    0.9444444179534912,
    0.9563491940498352,
    0.9814814925193787,
    0.9814814925193787,
    0.9894179701805115,
    0.9894179701805115,
    0.9867724776268005,
    0.9894179701805115,
    0.9920634627342224,
    0.9960317611694336,
    0.9947090148925781,
    0.9907407164573669,
    0.9907407164573669,
    0.9867724776268005,
    0.9828042387962341,
    0.9775132536888123,
    0.9828042387962341,
    0.9894179701805115,
    0.9947090148925781,
    0.9947090148925781,
    0.9973545074462891,
    0.9947090148925781
  ],
  "loss": [
    1.0592737197875977,
    0.7117924690246582,
    0.6280919313430786,
    0.45285463333129883,
    0.3238157331943512,
    0.21896935999393463,
    0.18645259737968445,
    0.1786535084247589,
    0.13166582584381104,
    0.09568750113248825,
    0.08615662157535553,
    0.07701591402292252,
    0.07301078736782074,
    0.058754026889801025,
    0.05757870897650719,
    0.07474300265312195,
    0.04647216945886612,
    0.11526785790920258,
    0.1469540297985077,
    0.11241648346185684,
    0.049247581511735916,
    0.0502285473048687,
    0.03283144533634186,
    0.03277207538485527,
    0.03168969601392746,
    0.028674602508544922,
    0.0213326346129179,
    0.017847571521997452,
    0.019243817776441574,
    0.023798972368240356,
    0.026862479746341705,
    0.05011195316910744,
    0.04902448132634163,
    0.05742763727903366,
    0.05111232027411461,
    0.028495894744992256,
    0.01538920309394598,
    0.016262900084257126,
    0.01287925522774458,
    0.018020136281847954
  ],
  "val_accuracy": [
    0.5026738047599792,
    0.5561497211456299,
    0.8796791434288025,
    0.893048107624054,
    0.903743326663971,
    0.9385026693344116,
    0.9385026693344116,
    0.9652406573295593,
    0.9625668525695801,
    0.9786096215248108,
    0.9732620120048523,
    0.9679144620895386,
    0.9839572310447693,
    0.9839572310447693,
    0.9732620120048523,
    0.98128342628479,
    0.98128342628479,
    0.9679144620895386,
    0.9491978883743286,
    0.9839572310447693,
    0.9679144620895386,
    0.9839572310447693,
    0.9732620120048523,
    0.9786096215248108,
    0.9786096215248108,
    0.9839572310447693,
    0.9866310358047485,
    0.9866310358047485,
    0.9866310358047485,
    0.98128342628479,
    0.9786096215248108,
    0.9839572310447693,
    0.9545454382896423,
    0.9625668525695801,
    0.9839572310447693,
    0.9839572310447693,
    0.9786096215248108,
    0.9839572310447693,
    0.9839572310447693,
    0.98128342628479
  ],
  "val_loss": [
    0.8894726037979126,
    0.6497136950492859,
    0.4868357181549072,
    0.2948804497718811,
    0.20900245010852814,
    0.1621890664100647,
    0.17792195081710815,
    0.09866910427808762,
    0.07989564538002014,
    0.0565054677426815,
    0.06664153933525085,
    0.07454457879066467,
    0.06311473995447159,
    0.053988710045814514,
    0.10979286581277847,
    0.05540065839886665,
    0.06766809523105621,
    0.14012189209461212,
    0.10935532301664352,
    0.06460701674222946,
    0.07250794023275375,
    0.06679365783929825,
    0.08492719382047653,
    0.06276504695415497,
    0.05874715745449066,
    0.056914396584033966,
    0.05831395089626312,
    0.05780142918229103,
    0.06714064627885818,
    0.06531710177659988,
    0.1310502290725708,
    0.06705097109079361,
    0.21887831389904022,
    0.13741052150726318,
    0.058480847626924515,
    0.05720027536153793,
    0.07306917011737823,
    0.07356031984090805,
    0.06992097198963165,
    0.07671098411083221
  ]
}