{"class_acc": [0.5030303001403809, 0.539393961429596, 0.6686868667602539, 0.8303030133247375, 0.9090909361839294, 0.931313157081604, 0.965656578540802, 0.9717171788215637, 0.9696969985961914, 0.991919219493866, 0.9939393997192383, 0.9979798197746277, 0.9979798197746277, 1.0, 0.9979798197746277, 1.0, 0.9979798197746277, 0.9979798197746277, 0.9898989796638489, 0.9898989796638489, 0.9939393997192383, 0.9959595799446106, 0.9979798197746277, 0.9979798197746277, 0.9939393997192383, 0.9979798197746277, 1.0, 1.0, 1.0, 1.0, 1.0, 1.0, 1.0, 1.0, 1.0, 1.0, 1.0, 0.9979798197746277, 0.9979798197746277, 0.9191918969154358], "loss": [1.1919749975204468, 0.7288655638694763, 0.5930944681167603, 0.41621601581573486, 0.28285840153694153, 0.17594322562217712, 0.09561558067798615, 0.07841124385595322, 0.11188577115535736, 0.04234280437231064, 0.01579083688557148, 0.012862198054790497, 0.005978250410407782, 0.002731053624302149, 0.003642875235527754, 0.0016701493877917528, 0.0019816765561699867, 0.003564743557944894, 0.04670267552137375, 0.028707606717944145, 0.025543559342622757, 0.013900063000619411, 0.004314600024372339, 0.008376543410122395, 0.02311340533196926, 0.00747459102421999, 0.0016892804997041821, 0.0008838005596771836, 0.0006097662844695151, 0.0007566925487481058, 0.0007958406349644065, 0.0007784651825204492, 0.0003058385045733303, 0.00033015498775057495, 9.988572128349915e-05, 0.00048023276031017303, 0.0013196348445490003, 0.0019603287801146507, 0.003138831350952387, 0.38846108317375183], "val_class_acc": [0.5619335174560547, 0.5800604224205017, 0.6555891036987305, 0.8247734308242798, 0.8368580341339111, 0.8882175087928772, 0.9063444137573242, 0.9093655347824097, 0.9154078364372253, 0.8942598104476929, 0.9365558624267578, 0.9335347414016724, 0.9305136203765869, 0.9305136203765869, 0.9244713187217712, 0.9305136203765869, 0.9274924397468567, 0.9305136203765869, 0.9305136203765869, 0.921450138092041, 0.9274924397468567, 0.9335347414016724, 0.9244713187217712, 0.921450138092041, 0.9244713187217712, 0.9274924397468567, 0.9365558624267578, 0.9335347414016724, 0.9335347414016724, 0.9365558624267578, 0.9365558624267578, 0.939577043056488, 0.9365558624267578, 0.9365558624267578, 0.9335347414016724, 0.9365558624267578, 0.9365558624267578, 0.921450138092041, 0.9063444137573242, 0.8036254048347473], "val_loss": [0.6812180876731873, 0.670612633228302, 0.6090275645256042, 0.4782414138317108, 0.44443434476852417, 0.3648598790168762, 0.2966812252998352, 0.34292295575141907, 0.35309097170829773, 0.2666562497615814, 0.22072935104370117, 0.296423077583313, 0.36561691761016846, 0.4007837176322937, 0.46622034907341003, 0.46836206316947937, 0.5191767811775208, 0.5214966535568237, 0.5215951204299927, 0.37782225012779236, 0.3713010549545288, 0.2674710750579834, 0.3673710525035858, 0.4910009205341339, 0.4233075678348541, 0.38141316175460815, 0.4167843759059906, 0.4366777837276459, 0.45767953991889954, 0.4456656575202942, 0.45069095492362976, 0.4549110531806946, 0.4661431908607483, 0.4828561246395111, 0.5023148655891418, 0.5076726078987122, 0.5313997268676758, 0.5470649003982544, 0.7475912570953369, 1.0754339694976807]}