{"class_acc": [0.5474956631660461, 0.5284973978996277, 0.65457683801651, 0.8013817071914673, 0.9240068793296814, 0.9481865167617798, 0.9620034694671631, 0.9810017347335815, 0.9930915236473083, 0.9965457916259766, 0.9948186278343201, 0.9913644194602966, 0.9827288389205933, 0.9930915236473083, 0.9982728958129883, 0.9982728958129883, 0.9982728958129883, 0.9982728958129883, 0.9965457916259766, 0.9965457916259766, 0.9948186278343201, 0.9896373152732849, 0.9913644194602966, 0.9965457916259766, 0.9965457916259766, 1.0, 1.0, 1.0, 1.0, 1.0, 1.0, 1.0, 1.0, 1.0, 1.0, 1.0, 1.0, 1.0, 1.0, 1.0], "loss": [1.0324411392211914, 0.8808048367500305, 0.6397331953048706, 0.45759522914886475, 0.264871746301651, 0.1725626140832901, 0.1102861762046814, 0.06515873968601227, 0.03375992178916931, 0.02064235508441925, 0.01798476278781891, 0.05373603105545044, 0.06627660989761353, 0.03785960003733635, 0.017559779807925224, 0.014192930422723293, 0.013233086094260216, 0.01125758420675993, 0.008004211820662022, 0.014392409473657608, 0.016499318182468414, 0.047133930027484894, 0.03593878820538521, 0.021818732842803, 0.012187757529318333, 0.002714053960517049, 0.0008964878506958485, 0.00037717909435741603, 0.00014571486099157482, 0.0001725837355479598, 0.00012522353790700436, 7.124911644496024e-05, 4.9255555495619774e-05, 9.344467980554327e-05, 3.847685729851946e-05, 3.701086461660452e-05, 1.743536995491013e-05, 1.841093398979865e-05, 1.1226402421016246e-05, 1.1025016647181474e-05], "val_class_acc": [0.5053476095199585, 0.6978609561920166, 0.7433155179023743, 0.8368983864784241, 0.8716577291488647, 0.874331533908844, 0.9010695219039917, 0.9304812550544739, 0.9438502788543701, 0.9278075098991394, 0.9491978883743286, 0.8716577291488647, 0.9385026693344116, 0.9278075098991394, 0.9385026693344116, 0.9358288645744324, 0.9385026693344116, 0.9438502788543701, 0.9545454382896423, 0.9278075098991394, 0.9304812550544739, 0.9304812550544739, 0.9358288645744324, 0.9411764740943909, 0.9545454382896423, 0.9491978883743286, 0.9465240836143494, 0.9545454382896423, 0.9572192430496216, 0.9572192430496216, 0.9545454382896423, 0.9545454382896423, 0.9518716335296631, 0.9545454382896423, 0.9545454382896423, 0.9545454382896423, 0.9545454382896423, 0.9545454382896423, 0.9545454382896423, 0.9545454382896423], "val_loss": [1.0720164775848389, 0.6668981313705444, 0.576474130153656, 0.4230622351169586, 0.3815044164657593, 0.4327962100505829, 0.3488113582134247, 0.2768166661262512, 0.3419363498687744, 0.457844614982605, 0.39363935589790344, 0.8284105062484741, 0.4448319673538208, 0.4267635941505432, 0.4462215304374695, 0.48998987674713135, 0.4801015555858612, 0.44693422317504883, 0.39764174818992615, 0.5567079186439514, 0.5424252152442932, 0.44387054443359375, 0.3545270264148712, 0.3063466548919678, 0.32793280482292175, 0.3913058936595917, 0.43508192896842957, 0.4422231614589691, 0.4375280737876892, 0.45017021894454956, 0.46532952785491943, 0.4739539921283722, 0.4808647334575653, 0.4909632205963135, 0.5021209716796875, 0.5134571194648743, 0.5232043266296387, 0.5317530632019043, 0.5396463871002197, 0.5473853349685669]}