{
  "accuracy": [
    0.533033013343811,
    0.5705705881118774,
    0.684684693813324,
    0.7972972989082336,
    0.8708708882331848,
    0.9114114046096802,
    0.9429429173469543,
    0.9639639854431152,
    0.9654654860496521,
    0.9684684872627258,
    0.924924910068512,
    0.9444444179534912,
    0.9804804921150208,
    0.9804804921150208,
    0.966966986656189,
    0.9789789915084839,
    0.9864864945411682,
    0.9909909963607788,
    0.9909909963607788,
    0.9909909963607788,
    0.9939939975738525,
    0.9909909963607788,
    0.9909909963607788,
    0.9909909963607788,
    0.9924924969673157,
    0.9909909963607788,
    0.9909909963607788,
    0.9909909963607788,
    0.9954954981803894,
    0.9969969987869263,
    0.9894894957542419,
    0.9849849939346313,
    0.9804804921150208,
    0.9849849939346313,
    0.9909909963607788,
    0.9924924969673157,
    0.9924924969673157,
    0.9954954981803894,
    0.9939939975738525,
    0.9954954981803894
  ],
  "loss": [
    1.0651229619979858,
    0.6914907097816467,
    0.6002201437950134,
    0.4377041459083557,
    0.3017808198928833,
    0.19580623507499695,
    0.14386048913002014,
    0.10142290592193604,
    0.09454720467329025,
    0.09851907193660736,
    0.19996269047260284,
    0.1185244545340538,
    0.07177646458148956,
    0.06509644538164139,
    0.0941108837723732,
    0.06516151130199432,
    0.04458106681704521,
    0.02470792643725872,
    0.023994270712137222,
    0.02203371934592724,
    0.019359180703759193,
    0.017173847183585167,
    0.01735563948750496,
    0.016839900985360146,
    0.015223328024148941,
    0.015349097549915314,
    0.020133240148425102,
    0.016452182084321976,
    0.011217287741601467,
    0.00832922849804163,
    0.024083154276013374,
    0.04142531752586365,
    0.05224240571260452,
    0.03510109335184097,
    0.02194119244813919,
    0.01834711991250515,
    0.012327675707638264,
    0.011656737886369228,
    0.010494920425117016,
    0.007363863755017519
  ],
  "val_accuracy": [
    0.504531741142273,
    0.5800604224205017,
    0.69486403465271,
    0.9003021121025085,
    0.939577043056488,
    0.9546827673912048,
    0.9637462496757507,
    0.9728096723556519,
    0.9516616463661194,
    0.9577039480209351,
    0.9577039480209351,
    0.9788519740104675,
    0.9637462496757507,
    0.9848942756652832,
    0.9758307933807373,
    0.9607250690460205,
    0.9728096723556519,
    0.981873095035553,
    0.9728096723556519,
    0.9758307933807373,
    0.9788519740104675,
    0.9697884917259216,
    0.9728096723556519,
    0.9728096723556519,
    0.9728096723556519,
    0.9728096723556519,
    0.9697884917259216,
    0.9697884917259216,
    0.981873095035553,
    0.981873095035553,
    0.981873095035553,
    0.9697884917259216,
    0.9546827673912048,
    0.9758307933807373,
    0.981873095035553,
    0.9758307933807373,
    0.9788519740104675,
    0.9758307933807373,
    0.9728096723556519,
    0.9758307933807373
  ],
  "val_loss": [
    0.798173725605011,
    0.6355170607566833,
    0.4443858563899994,
    0.24288615584373474,
    0.15291796624660492,
    0.10763708502054214,
    0.08456266671419144,
    0.07557125389575958,
    0.10649087280035019,
    0.10431666672229767,
    0.1079573929309845,
    0.0666370540857315,
    0.0974733754992485,
    0.0613686703145504,
    0.0709565132856369,
    0.12339567393064499,
    0.08718392252922058,
    0.07317688316106796,
    0.08800924569368362,
    0.10047168284654617,
    0.0948401689529419,
    0.11113546788692474,
    0.10789036750793457,
    0.1133410856127739,
    0.11976484954357147,
    0.12252859771251678,
    0.1354551613330841,
    0.1382855772972107,
    0.10327057540416718,
    0.1125931516289711,
    0.11556998640298843,
    0.1428879350423813,
    0.12141724675893784,
    0.08880293369293213,
    0.06482638418674469,
    0.10662982612848282,
    0.13399729132652283,
    0.15081724524497986,
    0.18797796964645386,
    0.14759647846221924
  ]
}