{
  "accuracy": [
    0.53143709897995,
    0.6182634830474854,
    0.720059871673584,
    0.8697604537010193,
    0.8892215490341187,
    0.9446107745170593,
    0.96257483959198,
    0.9491018056869507,
    0.9371257424354553,
    0.9580838084220886,
    0.96856290102005,
    0.970059871673584,
    0.9790419340133667,
    0.9790419340133667,
    0.9835329055786133,
    0.9790419340133667,
    0.9745509028434753,
    0.976047933101654,
    0.9730538725852966,
    0.9730538725852966,
    0.9745509028434753,
    0.9670658707618713,
    0.96856290102005,
    0.9820359349250793,
    0.9835329055786133,
    0.9910179376602173,
    0.9955089688301086,
    0.9970059990882874,
    0.9910179376602173,
    0.9910179376602173,
    0.9955089688301086,
    0.9940119981765747,
    0.9985029697418213,
    0.9985029697418213,
    0.9970059990882874,
    0.9985029697418213,
    0.9940119981765747,
    0.9955089688301086,
    0.9865269660949707,
    0.992514967918396
  ],
  "loss": [
    1.0409941673278809,
    0.658112108707428,
    0.5282437801361084,
    0.3195905089378357,
    0.26932162046432495,
    0.14866755902767181,
    0.10787729918956757,
    0.14672845602035522,
    0.17779891192913055,
    0.1143953949213028,
    0.10556457191705704,
    0.0929446741938591,
    0.08054128289222717,
    0.06696947664022446,
    0.050317272543907166,
    0.058573853224515915,
    0.05891672149300575,
    0.056947387754917145,
    0.061499789357185364,
    0.07388994097709656,
    0.07144973427057266,
    0.08893433958292007,
    0.0928029865026474,
    0.05434068664908409,
    0.03483984246850014,
    0.02521670237183571,
    0.012279713526368141,
    0.009235795587301254,
    0.02774234302341938,
    0.016826963052153587,
    0.018456382676959038,
    0.011735611595213413,
    0.009009345434606075,
    0.004866155795753002,
    0.011058347299695015,
    0.0035553311463445425,
    0.013962555676698685,
    0.007740415632724762,
    0.037377435714006424,
    0.025251513347029686
  ],
  "val_accuracy": [
    0.5030303001403809,
    0.6484848260879517,
    0.8272727131843567,
    0.8939393758773804,
    0.9363636374473572,
    0.9666666388511658,
    0.9696969985961914,
    0.939393937587738,
    0.9060605764389038,
    0.9484848380088806,
    0.9333333373069763,
    0.9636363387107849,
    0.9666666388511658,
    0.9696969985961914,
    0.960606038570404,
    0.9696969985961914,
    0.9636363387107849,
    0.9575757384300232,
    0.9484848380088806,
    0.9484848380088806,
    0.9666666388511658,
    0.9696969985961914,
    0.9757575988769531,
    0.9909090995788574,
    0.9818181991577148,
    0.9878787994384766,
    0.9818181991577148,
    0.9878787994384766,
    0.9818181991577148,
    0.9848484992980957,
    0.9909090995788574,
    0.9818181991577148,
    0.9878787994384766,
    0.9878787994384766,
    0.9818181991577148,
    0.9848484992980957,
    0.9848484992980957,
    0.9757575988769531,
    0.9939393997192383,
    0.9909090995788574
  ],
  "val_loss": [
    0.8145772218704224,
    0.577494204044342,
    0.39928656816482544,
    0.2637287378311157,
    0.17213398218154907,
    0.1148013025522232,
    0.11250530928373337,
    0.1769723892211914,
    0.1916339099407196,
    0.160240039229393,
    0.16905958950519562,
    0.09786681830883026,
    0.07250314205884933,
    0.07236405462026596,
    0.10612118244171143,
    0.08278027176856995,
    0.10897181183099747,
    0.1586139053106308,
    0.21264027059078217,
    0.19221371412277222,
    0.10745440423488617,
    0.09541527926921844,
    0.05924570932984352,
    0.030972618609666824,
    0.03673439100384712,
    0.020769070833921432,
    0.03166159987449646,
    0.026020558550953865,
    0.045775625854730606,
    0.04712013527750969,
    0.026946837082505226,
    0.04261483997106552,
    0.021981889382004738,
    0.03816637396812439,
    0.05389963835477829,
    0.050056762993335724,
    0.051497336477041245,
    0.1034075990319252,
    0.032371509820222855,
    0.02576179802417755
  ]
}