{
  "accuracy": [
    0.4864864945411682,
    0.5090090036392212,
    0.6006006002426147,
    0.7972972989082336,
    0.8783783912658691,
    0.8858858942985535,
    0.9189189076423645,
    0.9474474191665649,
    0.9504504799842834,
    0.9519519805908203,
    0.954954981803894,
    0.9414414167404175,
    0.9489489197731018,
    0.9684684872627258,
    0.9459459185600281,
    0.9684684872627258,
    0.9684684872627258,
    0.9849849939346313,
    0.9804804921150208,
    0.9864864945411682,
    0.9894894957542419,
    0.9834834933280945,
    0.9894894957542419,
    0.9939939975738525,
    0.9894894957542419,
    0.9894894957542419,
    0.9924924969673157,
    0.9954954981803894,
    0.9939939975738525,
    0.9894894957542419,
    0.9819819927215576,
    0.9744744896888733,
    0.9804804921150208,
    0.9834834933280945,
    0.9789789915084839,
    0.9894894957542419,
    0.9909909963607788,
    0.9924924969673157,
    0.9954954981803894,
    0.9954954981803894
  ],
  "loss": [
    1.2287511825561523,
    0.8052172064781189,
    0.651626706123352,
    0.5146129131317139,
    0.32356613874435425,
    0.26269689202308655,
    0.19312596321105957,
    0.1385277807712555,
    0.11657731980085373,
    0.11532896012067795,
    0.10122602432966232,
    0.152705118060112,
    0.17456170916557312,
    0.12473531067371368,
    0.1491081267595291,
    0.08530610054731369,
    0.07867485284805298,
    0.05196211114525795,
    0.05810640752315521,
    0.04690603166818619,
    0.036080535501241684,
    0.03919843211770058,
    0.03285645693540573,
    0.023344550281763077,
    0.02639181725680828,
    0.025142759084701538,
    0.023575561121106148,
    0.020764848217368126,
    0.021164383739233017,
    0.02788686938583851,
    0.059617865830659866,
    0.07307560741901398,
    0.046367377042770386,
    0.03976688161492348,
    0.05388667806982994,
    0.029808491468429565,
    0.02640375681221485,
    0.022214656695723534,
    0.015046768821775913,
    0.015178611502051353
  ],
  "val_accuracy": [
    0.504531741142273,
    0.5135951638221741,
    0.8459214568138123,
    0.8398791551589966,
    0.8640483617782593,
    0.8912386894226074,
    0.9184290170669556,
    0.9486404657363892,
    0.9425981640815735,
    0.9607250690460205,
    0.9546827673912048,
    0.9305136203765869,
    0.9577039480209351,
    0.921450138092041,
    0.9667673707008362,
    0.9546827673912048,
    0.9758307933807373,
    0.9788519740104675,
    0.9728096723556519,
    0.9758307933807373,
    0.9788519740104675,
    0.9697884917259216,
    0.9788519740104675,
    0.9848942756652832,
    0.9848942756652832,
    0.9848942756652832,
    0.9788519740104675,
    0.9848942756652832,
    0.9848942756652832,
    0.9758307933807373,
    0.9607250690460205,
    0.9758307933807373,
    0.9365558624267578,
    0.9365558624267578,
    0.9516616463661194,
    0.981873095035553,
    0.9788519740104675,
    0.9848942756652832,
    0.9848942756652832,
    0.9848942756652832
  ],
  "val_loss": [
    0.9499717354774475,
    0.6697012186050415,
    0.5631939172744751,
    0.3939863443374634,
    0.3696669936180115,
    0.2533000111579895,
    0.16717688739299774,
    0.13349995017051697,
    0.11611241102218628,
    0.10539412498474121,
    0.14888989925384521,
    0.16466648876667023,
    0.17471954226493835,
    0.19796007871627808,
    0.12359144538640976,
    0.1553230583667755,
    0.07416646182537079,
    0.06870856136083603,
    0.07529573142528534,
    0.07557767629623413,
    0.08549976348876953,
    0.07196404784917831,
    0.07089807838201523,
    0.0681009367108345,
    0.07070865482091904,
    0.0772995725274086,
    0.08019459247589111,
    0.07069350779056549,
    0.06996534019708633,
    0.16400128602981567,
    0.09178873151540756,
    0.07726301997900009,
    0.1414612978696823,
    0.26628953218460083,
    0.1534189134836197,
    0.07321569323539734,
    0.06604526191949844,
    0.0610460489988327,
    0.06567700952291489,
    0.06475260853767395
  ]
}