{
  "accuracy": [
    0.5304762125015259,
    0.6142857074737549,
    0.7904762029647827,
    0.9085714221000671,
    0.9514285922050476,
    0.9638095498085022,
    0.9723809361457825,
    0.9552381038665771,
    0.9780952334403992,
    0.9780952334403992,
    0.9838095307350159,
    0.977142870426178,
    0.9847618937492371,
    0.9828571677207947,
    0.9866666793823242,
    0.977142870426178,
    0.9828571677207947,
    0.9819047451019287,
    0.9904761910438538,
    0.9838095307350159,
    0.9876190423965454,
    0.991428554058075,
    0.9952380657196045,
    0.9933333396911621,
    0.9885714054107666,
    0.9885714054107666,
    0.991428554058075,
    0.9866666793823242,
    0.9923809766769409,
    0.9885714054107666,
    0.991428554058075,
    0.9933333396911621,
    0.9971428513526917,
    0.9933333396911621,
    0.9790475964546204,
    0.9828571677207947,
    0.9885714054107666,
    0.991428554058075,
    0.9980952143669128,
    0.9952380657196045
  ],
  "loss": [
    0.9403664469718933,
    0.6486583352088928,
    0.44475340843200684,
    0.2595301866531372,
    0.152335986495018,
    0.09080824255943298,
    0.07228461652994156,
    0.13310185074806213,
    0.0766228660941124,
    0.06028347462415695,
    0.05298871174454689,
    0.06188371777534485,
    0.04408193752169609,
    0.042091771960258484,
    0.03843563422560692,
    0.053462639451026917,
    0.04852354899048805,
    0.04416805878281593,
    0.026140054687857628,
    0.047758761793375015,
    0.027522986754775047,
    0.025540105998516083,
    0.01081811636686325,
    0.013431823812425137,
    0.021008828654885292,
    0.04982348904013634,
    0.030512085184454918,
    0.03373917564749718,
    0.026719285175204277,
    0.02538619562983513,
    0.019299425184726715,
    0.01688859425485134,
    0.006986367516219616,
    0.01149754785001278,
    0.05108218267560005,
    0.0385916605591774,
    0.02586708404123783,
    0.026057958602905273,
    0.008530370891094208,
    0.011514551937580109
  ],
  "val_accuracy": [
    0.5857418179512024,
    0.5973024964332581,
    0.8709055781364441,
    0.9460501074790955,
    0.9653179049491882,
    0.9691714644432068,
    0.9653179049491882,
    0.9730250239372253,
    0.9826589822769165,
    0.9865125417709351,
    0.9845857620239258,
    0.9807322025299072,
    0.9845857620239258,
    0.9865125417709351,
    0.9768785834312439,
    0.9865125417709351,
    0.9768785834312439,
    0.9865125417709351,
    0.9826589822769165,
    0.9826589822769165,
    0.9865125417709351,
    0.9884393215179443,
    0.9826589822769165,
    0.9807322025299072,
    0.9845857620239258,
    0.9865125417709351,
    0.9845857620239258,
    0.9768785834312439,
    0.9884393215179443,
    0.9865125417709351,
    0.9826589822769165,
    0.9865125417709351,
    0.9865125417709351,
    0.9826589822769165,
    0.978805422782898,
    0.9768785834312439,
    0.9807322025299072,
    0.9903661012649536,
    0.9903661012649536,
    0.9845857620239258
  ],
  "val_loss": [
    0.6572985649108887,
    0.5736714005470276,
    0.3056434094905853,
    0.15790846943855286,
    0.09082643687725067,
    0.08358459174633026,
    0.10366396605968475,
    0.06693991273641586,
    0.061837419867515564,
    0.03671380132436752,
    0.03911011666059494,
    0.048986032605171204,
    0.03178834542632103,
    0.031854819506406784,
    0.0502469502389431,
    0.040081460028886795,
    0.04876706376671791,
    0.045376259833574295,
    0.04062102735042572,
    0.050649985671043396,
    0.04538130387663841,
    0.03711054101586342,
    0.05205584317445755,
    0.06835446506738663,
    0.06261605769395828,
    0.04386547952890396,
    0.060567744076251984,
    0.07289273291826248,
    0.04369913041591644,
    0.031326986849308014,
    0.04334016144275665,
    0.05819062516093254,
    0.05010785162448883,
    0.055828191339969635,
    0.05051681771874428,
    0.04414884373545647,
    0.04434198513627052,
    0.032846201211214066,
    0.03319309651851654,
    0.04266788065433502
  ]
}