{
  "class_acc": [
    0.5133079886436462,
    0.5551331043243408,
    0.6958174705505371,
    0.7965779304504395,
    0.8574144244194031,
    0.9068440794944763,
    0.9163498282432556,
    0.9353612065315247,
    0.9524714946746826,
    0.9353612065315247,
    0.9524714946746826,
    0.9543726444244385,
    0.9619771838188171,
    0.9790874719619751,
    0.980988621711731,
    0.982889711856842,
    0.9866920113563538,
    0.9904943108558655,
    0.9676806330680847,
    0.946768045425415,
    0.9562737345695496,
    0.980988621711731,
    0.980988621711731,
    0.9847908616065979,
    0.9752851724624634,
    0.9752851724624634,
    0.9657794833183289,
    0.9885931611061096,
    0.9942965507507324,
    0.9923954606056213,
    0.9904943108558655,
    0.9904943108558655,
    0.9923954606056213,
    0.9961977005004883,
    0.9942965507507324,
    0.9847908616065979,
    0.982889711856842,
    0.9942965507507324,
    0.9942965507507324,
    0.9923954606056213
  ],
  "loss": [
    2.7166366577148438,
    2.067187547683716,
    1.861899733543396,
    1.6832795143127441,
    1.538569450378418,
    1.4167760610580444,
    1.3266788721084595,
    1.2704271078109741,
    1.2128946781158447,
    1.239137887954712,
    1.2095314264297485,
    1.202851414680481,
    1.1549477577209473,
    1.1223582029342651,
    1.0916775465011597,
    1.064336895942688,
    1.043113112449646,
    1.0217317342758179,
    1.0197526216506958,
    1.1130362749099731,
    1.0422897338867188,
    0.9738433957099915,
    0.9683910012245178,
    0.9483112096786499,
    0.9619689583778381,
    0.9375218749046326,
    0.9835626482963562,
    0.9260873198509216,
    0.9187918305397034,
    0.8928006291389465,
    0.8812252879142761,
    0.8664998412132263,
    0.8695793151855469,
    0.8368467688560486,
    0.8309749364852905,
    0.8328845500946045,
    0.8583161234855652,
    0.8393591046333313,
    0.8026866316795349,
    0.808351457118988
  ],
  "val_class_acc": [
    0.5038461685180664,
    0.807692289352417,
    0.8461538553237915,
    0.8769230842590332,
    0.8999999761581421,
    0.8999999761581421,
    0.9153845906257629,
    0.9307692050933838,
    0.9615384340286255,
    0.949999988079071,
    0.9538461565971375,
    0.9730769395828247,
    0.9730769395828247,
    0.9769230484962463,
    0.9807692170143127,
    0.9884615540504456,
    0.9653846025466919,
    0.9692307710647583,
    0.9192307591438293,
    0.9692307710647583,
    0.9730769395828247,
    0.9615384340286255,
    0.9769230484962463,
    0.9538461565971375,
    0.949999988079071,
    0.9576923251152039,
    0.9769230484962463,
    0.9615384340286255,
    0.9692307710647583,
    0.9692307710647583,
    0.9615384340286255,
    0.9692307710647583,
    0.9769230484962463,
    0.9730769395828247,
    0.9615384340286255,
    0.9576923251152039,
    0.9692307710647583,
    0.9615384340286255,
    0.9692307710647583,
    0.9692307710647583
  ],
  "val_loss": [
    1.9209996461868286,
    1.6207573413848877,
    1.4546157121658325,
    1.3035037517547607,
    1.1846733093261719,
    1.1018598079681396,
    1.0213080644607544,
    1.0022194385528564,
    0.9631057381629944,
    1.0242033004760742,
    0.9534614086151123,
    0.9597113728523254,
    0.908907949924469,
    0.8966648578643799,
    0.8889179229736328,
    0.8419257998466492,
    0.8386982679367065,
    0.8737654089927673,
    1.0601279735565186,
    0.8654230237007141,
    0.8549755215644836,
    0.821477472782135,
    0.8077085018157959,
    0.8421364426612854,
    0.8326018452644348,
    0.8543893098831177,
    0.8070278167724609,
    0.7924373745918274,
    0.7582200169563293,
    0.7617554068565369,
    0.7896673083305359,
    0.7502625584602356,
    0.7259018421173096,
    0.7660501599311829,
    0.7739878296852112,
    0.7616192102432251,
    0.7477911114692688,
    0.7342469096183777,
    0.7049115896224976,
    0.720197856426239
  ]
}