{"class_acc": [0.5514285564422607, 0.6780952215194702, 0.8523809313774109, 0.9123809337615967, 0.9438095092773438, 0.9666666388511658, 0.9685714244842529, 0.9733333587646484, 0.977142870426178, 0.977142870426178, 0.9780952334403992, 0.9790475964546204, 0.9847618937492371, 0.9790475964546204, 0.977142870426178, 0.9866666793823242, 0.9857142567634583, 0.9800000190734863, 0.9828571677207947, 0.977142870426178, 0.9895238280296326, 0.9942857027053833, 0.9923809766769409, 0.9876190423965454, 0.991428554058075, 0.9809523820877075, 0.9857142567634583, 0.9923809766769409, 0.991428554058075, 0.9952380657196045, 0.991428554058075, 0.9942857027053833, 0.9923809766769409, 0.9952380657196045, 0.9885714054107666, 0.9980952143669128, 0.9933333396911621, 0.9980952143669128, 0.9990476369857788, 0.9961904883384705], "loss": [2.4542105197906494, 1.8946434259414673, 1.607140064239502, 1.4232444763183594, 1.290732502937317, 1.2238820791244507, 1.2027925252914429, 1.166791319847107, 1.1144708395004272, 1.0829311609268188, 1.04171884059906, 1.0130062103271484, 0.9981197714805603, 0.9909058809280396, 1.0182204246520996, 0.9681505560874939, 0.9447803497314453, 0.9486955404281616, 0.9367296695709229, 0.9176203012466431, 0.9047400951385498, 0.8839393854141235, 0.9037070274353027, 0.8918286561965942, 0.8580361604690552, 0.8739582300186157, 0.854200541973114, 0.8498921394348145, 0.8516001105308533, 0.7995818257331848, 0.7869635224342346, 0.8244154453277588, 0.8146275281906128, 0.8130163550376892, 0.8112807869911194, 0.7674348950386047, 0.8118718266487122, 0.769359827041626, 0.794966995716095, 0.7880014181137085], "val_class_acc": [0.5664739608764648, 0.8574181199073792, 0.9036608934402466, 0.9421965479850769, 0.9730250239372253, 0.9768785834312439, 0.9826589822769165, 0.9807322025299072, 0.9518304467201233, 0.9826589822769165, 0.9807322025299072, 0.949903666973114, 0.9884393215179443, 0.9710982441902161, 0.9749518036842346, 0.9845857620239258, 0.9710982441902161, 0.978805422782898, 0.949903666973114, 0.9826589822769165, 0.9865125417709351, 0.9903661012649536, 0.9826589822769165, 0.9884393215179443, 0.9865125417709351, 0.9845857620239258, 0.9826589822769165, 0.9826589822769165, 0.9845857620239258, 0.9807322025299072, 0.9845857620239258, 0.9807322025299072, 0.9749518036842346, 0.9556840062141418, 0.9884393215179443, 0.9903661012649536, 0.9768785834312439, 0.9807322025299072, 0.9903661012649536, 0.9768785834312439], "val_loss": [1.8396397829055786, 1.5616623163223267, 1.3050931692123413, 1.1521707773208618, 1.082755208015442, 1.04536771774292, 1.018961787223816, 1.0026415586471558, 1.0287725925445557, 0.9436231255531311, 0.9103609323501587, 0.9909664392471313, 0.8724730014801025, 0.9101991057395935, 0.9014029502868652, 0.8411161303520203, 0.8791021108627319, 0.8252623081207275, 0.8469840884208679, 0.7811316847801208, 0.7829762101173401, 0.7372944951057434, 0.7619127631187439, 0.7579705119132996, 0.7278292775154114, 0.672920286655426, 0.7216211557388306, 0.7142471075057983, 0.697963535785675, 0.6815360188484192, 0.6807955503463745, 0.7103359699249268, 0.7192797064781189, 0.731804370880127, 0.6551051139831543, 0.6341120004653931, 0.7008236646652222, 0.6501606702804565, 0.6685346961021423, 0.66999751329422]}