{
  "class_acc": [
    0.5238726735115051,
    0.6684350371360779,
    0.807692289352417,
    0.8633952140808105,
    0.9137930870056152,
    0.9323607683181763,
    0.9482758641242981,
    0.9363394975662231,
    0.9403182864189148,
    0.9641909599304199,
    0.9761273264884949,
    0.9681697487831116,
    0.9721485376358032,
    0.9655172228813171,
    0.9787798523902893,
    0.9893898963928223,
    0.9854111671447754,
    0.9893898963928223,
    0.9840849041938782,
    0.9814323782920837,
    0.9774535894393921,
    0.982758641242981,
    0.9840849041938782,
    0.9774535894393921,
    0.9893898963928223,
    0.982758641242981,
    0.9854111671447754,
    0.988063633441925,
    0.9814323782920837,
    0.9933686852455139,
    0.9920424222946167,
    0.9933686852455139,
    0.9867374300956726,
    0.9867374300956726,
    0.9615384340286255,
    0.9854111671447754,
    0.9907161593437195,
    0.9854111671447754,
    0.9907161593437195,
    0.9960212111473083
  ],
  "loss": [
    2.5539143085479736,
    1.9031132459640503,
    1.6738497018814087,
    1.4770821332931519,
    1.3561707735061646,
    1.2567883729934692,
    1.214152216911316,
    1.2106587886810303,
    1.1927841901779175,
    1.1063393354415894,
    1.0508719682693481,
    1.0226294994354248,
    0.9939520955085754,
    0.9797645807266235,
    0.9472482204437256,
    0.91478431224823,
    0.9030761122703552,
    0.8844878673553467,
    0.8930343389511108,
    0.907890260219574,
    0.8862245082855225,
    0.8660773038864136,
    0.8555881381034851,
    0.8546116948127747,
    0.8250589370727539,
    0.827068030834198,
    0.8256019353866577,
    0.8142518997192383,
    0.8137198090553284,
    0.7906083464622498,
    0.788196861743927,
    0.7657411694526672,
    0.7548230886459351,
    0.7876375913619995,
    0.830506443977356,
    0.7308858036994934,
    0.7646356225013733,
    0.7646498084068298,
    0.7505946755409241,
    0.7361213564872742
  ],
  "val_class_acc": [
    0.5401069521903992,
    0.8262032270431519,
    0.874331533908844,
    0.9064171314239502,
    0.9358288645744324,
    0.9358288645744324,
    0.9251337051391602,
    0.9358288645744324,
    0.9679144620895386,
    0.9759358167648315,
    0.9625668525695801,
    0.9732620120048523,
    0.9759358167648315,
    0.9759358167648315,
    0.98128342628479,
    0.9786096215248108,
    0.9732620120048523,
    0.970588207244873,
    0.9786096215248108,
    0.9545454382896423,
    0.9732620120048523,
    0.9652406573295593,
    0.9572192430496216,
    0.98128342628479,
    0.9572192430496216,
    0.9411764740943909,
    0.9518716335296631,
    0.9598930478096008,
    0.9866310358047485,
    0.9839572310447693,
    0.9839572310447693,
    0.9759358167648315,
    0.9679144620895386,
    0.9331550598144531,
    0.9732620120048523,
    0.9732620120048523,
    0.9759358167648315,
    0.9679144620895386,
    0.9839572310447693,
    0.9839572310447693
  ],
  "val_loss": [
    1.8568052053451538,
    1.5924053192138672,
    1.329890251159668,
    1.1791656017303467,
    1.08002507686615,
    1.0348068475723267,
    1.065708875656128,
    1.040899395942688,
    0.9844784736633301,
    0.9568443298339844,
    0.9223792552947998,
    0.9152222275733948,
    0.8753786683082581,
    0.8723484873771667,
    0.8353793621063232,
    0.85749351978302,
    0.8323907852172852,
    0.8162642121315002,
    0.80780029296875,
    0.8443484306335449,
    0.7961062788963318,
    0.7873497605323792,
    0.7837060689926147,
    0.7442182302474976,
    0.7963583469390869,
    0.7972074151039124,
    0.7766969203948975,
    0.762204110622406,
    0.6952501535415649,
    0.7274506688117981,
    0.7000228762626648,
    0.7071838974952698,
    0.7206137180328369,
    0.873558521270752,
    0.6842229962348938,
    0.6438631415367126,
    0.7116893529891968,
    0.6910344958305359,
    0.7081354856491089,
    0.6638098955154419
  ]
}