{"class_acc": [0.4908616244792938, 0.5796344876289368, 0.6396867036819458, 0.7415143847465515, 0.8825065493583679, 0.9112271666526794, 0.9295039176940918, 0.934725821018219, 0.9556135535240173, 0.9686684012413025, 0.9765012860298157, 0.997389018535614, 0.9869451522827148, 0.997389018535614, 0.9947780966758728, 0.9947780966758728, 0.9895561337471008, 1.0, 1.0, 1.0, 1.0, 1.0, 1.0, 1.0, 1.0, 1.0, 1.0, 1.0, 1.0, 1.0, 1.0, 1.0, 1.0, 1.0, 1.0, 1.0, 1.0, 1.0, 1.0, 1.0], "loss": [1.2531225681304932, 0.6802061200141907, 0.6248096227645874, 0.5048143863677979, 0.3747970461845398, 0.2877331078052521, 0.17920361459255219, 0.1391996443271637, 0.0829039216041565, 0.0694555714726448, 0.07846880704164505, 0.027952440083026886, 0.023470230400562286, 0.009874370880424976, 0.020281057804822922, 0.011513515375554562, 0.024152325466275215, 0.002506996039301157, 0.0021924730390310287, 0.0009325820719823241, 0.000926848326344043, 0.00012513893307186663, 0.00027095002587884665, 0.00021280311921145767, 6.581062189070508e-05, 7.191229815362021e-05, 8.083015563897789e-05, 5.033457637182437e-05, 2.860117092495784e-05, 3.259258301113732e-05, 2.807791497616563e-05, 2.0920377210131846e-05, 3.159961124765687e-05, 2.1460764401126653e-05, 1.4497220035991631e-05, 1.443578912585508e-05, 1.627002529858146e-05, 1.0581261449260637e-05, 1.1685036042763386e-05, 1.99760925170267e-05], "val_class_acc": [0.4961538314819336, 0.5730769038200378, 0.75, 0.800000011920929, 0.8538461327552795, 0.8346154093742371, 0.8192307949066162, 0.8615384697914124, 0.9192307591438293, 0.8653846383094788, 0.8653846383094788, 0.9346153736114502, 0.9307692050933838, 0.9384615421295166, 0.9076923131942749, 0.9269230961799622, 0.9192307591438293, 0.9615384340286255, 0.9653846025466919, 0.9461538195610046, 0.9538461565971375, 0.9653846025466919, 0.9576923251152039, 0.9576923251152039, 0.949999988079071, 0.949999988079071, 0.949999988079071, 0.949999988079071, 0.9538461565971375, 0.9538461565971375, 0.9538461565971375, 0.9538461565971375, 0.9538461565971375, 0.9538461565971375, 0.9538461565971375, 0.9538461565971375, 0.9538461565971375, 0.9538461565971375, 0.9538461565971375, 0.9538461565971375], "val_loss": [0.8157511353492737, 0.6407313346862793, 0.6018715500831604, 0.5265663862228394, 0.43212851881980896, 0.49232882261276245, 0.6802261471748352, 0.5421186089515686, 0.4677208662033081, 0.8682560920715332, 0.8100205063819885, 0.39457836747169495, 0.36481577157974243, 0.2946004271507263, 0.4266825020313263, 0.5153515338897705, 0.502983808517456, 0.34085556864738464, 0.3508929908275604, 0.4108419418334961, 0.38685885071754456, 0.37959226965904236, 0.38811659812927246, 0.39822423458099365, 0.41427889466285706, 0.4248754382133484, 0.4300107955932617, 0.43167388439178467, 0.43258705735206604, 0.43523818254470825, 0.4392452538013458, 0.44321149587631226, 0.4472840428352356, 0.4515841603279114, 0.45481619238853455, 0.4576095640659332, 0.46061259508132935, 0.463712602853775, 0.46684035658836365, 0.46950945258140564]}