{
  "accuracy": [
    0.5019084215164185,
    0.5076335668563843,
    0.5992366671562195,
    0.635496199131012,
    0.7938931584358215,
    0.8835877776145935,
    0.8893129825592041,
    0.8950381875038147,
    0.8969465494155884,
    0.9122137427330017,
    0.919847309589386,
    0.9637404680252075,
    0.9656488299369812,
    0.9713740348815918,
    0.9809160232543945,
    0.9770992398262024,
    0.9809160232543945,
    0.9866412281990051,
    0.982824444770813,
    0.9751908183097839,
    0.9637404680252075,
    0.9427480697631836,
    0.9637404680252075,
    0.9732824563980103,
    0.9847328066825867,
    0.9904580116271973,
    0.9885495901107788,
    0.9809160232543945,
    0.9866412281990051,
    0.9904580116271973,
    0.9923664331436157,
    0.9904580116271973,
    0.9942747950553894,
    0.9904580116271973,
    0.9923664331436157,
    0.9904580116271973,
    0.9885495901107788,
    0.9942747950553894,
    0.9847328066825867,
    0.9713740348815918
  ],
  "loss": [
    1.3158254623413086,
    0.852678656578064,
    0.6790865659713745,
    0.6248342990875244,
    0.49330320954322815,
    0.3485780656337738,
    0.28509315848350525,
    0.24736060202121735,
    0.23272451758384705,
    0.20963525772094727,
    0.24956552684307098,
    0.12286187708377838,
    0.09862976521253586,
    0.08538714051246643,
    0.07651934772729874,
    0.06299911439418793,
    0.05383522808551788,
    0.045864906162023544,
    0.0472802072763443,
    0.068515345454216,
    0.09410762786865234,
    0.2074601948261261,
    0.09748774021863937,
    0.07364161312580109,
    0.055711932480335236,
    0.03283148258924484,
    0.038895897567272186,
    0.034786857664585114,
    0.030396942049264908,
    0.02695349231362343,
    0.019352376461029053,
    0.023234477266669273,
    0.018981516361236572,
    0.02335667610168457,
    0.01730482652783394,
    0.02098068781197071,
    0.025411661714315414,
    0.02176746167242527,
    0.03208358958363533,
    0.1287984848022461
  ],
  "val_accuracy": [
    0.5478927493095398,
    0.49425286054611206,
    0.5478927493095398,
    0.8160919547080994,
    0.8659003973007202,
    0.8697317838668823,
    0.8352490663528442,
    0.8275862336158752,
    0.8850574493408203,
    0.9272030591964722,
    0.9272030591964722,
    0.931034505367279,
    0.954023003578186,
    0.954023003578186,
    0.9655172228813171,
    0.9578543901443481,
    0.969348669052124,
    0.969348669052124,
    0.969348669052124,
    0.9578543901443481,
    0.946360170841217,
    0.931034505367279,
    0.9272030591964722,
    0.9501915574073792,
    0.9501915574073792,
    0.969348669052124,
    0.969348669052124,
    0.9731800556182861,
    0.969348669052124,
    0.977011501789093,
    0.9731800556182861,
    0.9731800556182861,
    0.961685836315155,
    0.977011501789093,
    0.977011501789093,
    0.969348669052124,
    0.977011501789093,
    0.9655172228813171,
    0.9578543901443481,
    0.977011501789093
  ],
  "val_loss": [
    0.6704601049423218,
    0.7104045152664185,
    0.650335431098938,
    0.5424025654792786,
    0.4220401346683502,
    0.3415796756744385,
    0.3562140166759491,
    0.35907942056655884,
    0.22993265092372894,
    0.19095158576965332,
    0.17787545919418335,
    0.1753556877374649,
    0.1284569799900055,
    0.10747789591550827,
    0.10244366526603699,
    0.11328934878110886,
    0.08007065951824188,
    0.07318370044231415,
    0.12079845368862152,
    0.08652328699827194,
    0.17035798728466034,
    0.13375231623649597,
    0.17363953590393066,
    0.10360997915267944,
    0.12026632577180862,
    0.07698117941617966,
    0.07480525970458984,
    0.09179575741291046,
    0.07208572328090668,
    0.07494446635246277,
    0.0683937817811966,
    0.09814633429050446,
    0.09000228345394135,
    0.06605705618858337,
    0.09031788259744644,
    0.0653393343091011,
    0.100469671189785,
    0.11376889050006866,
    0.1827094703912735,
    0.04804264381527901
  ]
}