{
  "accuracy": [
    0.5079575777053833,
    0.5384615659713745,
    0.5530503988265991,
    0.7891246676445007,
    0.8620689511299133,
    0.9058355689048767,
    0.9350132346153259,
    0.9482758641242981,
    0.9575597047805786,
    0.9615384340286255,
    0.9628646969795227,
    0.960212230682373,
    0.9721485376358032,
    0.9787798523902893,
    0.9734748005867004,
    0.9801061153411865,
    0.9549071788787842,
    0.9721485376358032,
    0.9655172228813171,
    0.9668434858322144,
    0.9801061153411865,
    0.982758641242981,
    0.9854111671447754,
    0.9893898963928223,
    0.9920424222946167,
    0.9920424222946167,
    0.9920424222946167,
    0.9933686852455139,
    0.9933686852455139,
    0.9893898963928223,
    0.9893898963928223,
    0.9920424222946167,
    0.9933686852455139,
    0.9907161593437195,
    0.9774535894393921,
    0.9734748005867004,
    0.9960212111473083,
    0.9933686852455139,
    0.9946949481964111,
    0.9973474740982056
  ],
  "loss": [
    1.1048084497451782,
    0.7722291946411133,
    0.715587317943573,
    0.48699474334716797,
    0.36058464646339417,
    0.23949147760868073,
    0.1591922491788864,
    0.12467683106660843,
    0.11181151121854782,
    0.09569629281759262,
    0.09402333199977875,
    0.09543561935424805,
    0.07628699392080307,
    0.051209814846515656,
    0.060490772128105164,
    0.05081946775317192,
    0.16068650782108307,
    0.09716159105300903,
    0.0904744490981102,
    0.07982956618070602,
    0.04960673674941063,
    0.0449531227350235,
    0.031452201306819916,
    0.025113120675086975,
    0.022586993873119354,
    0.019456561654806137,
    0.016539422795176506,
    0.015628663823008537,
    0.020471306517720222,
    0.02166067250072956,
    0.02442081645131111,
    0.020354796200990677,
    0.018001049757003784,
    0.027111977338790894,
    0.06905441731214523,
    0.05790995433926582,
    0.01926121488213539,
    0.01766752079129219,
    0.011226298287510872,
    0.008579419925808907
  ],
  "val_accuracy": [
    0.5053476095199585,
    0.5053476095199585,
    0.7860962748527527,
    0.8529411554336548,
    0.8796791434288025,
    0.8877005577087402,
    0.9331550598144531,
    0.9385026693344116,
    0.9197860956192017,
    0.9438502788543701,
    0.9465240836143494,
    0.9385026693344116,
    0.9572192430496216,
    0.9598930478096008,
    0.9572192430496216,
    0.9545454382896423,
    0.9144384860992432,
    0.9197860956192017,
    0.9518716335296631,
    0.9679144620895386,
    0.9732620120048523,
    0.9759358167648315,
    0.9759358167648315,
    0.9759358167648315,
    0.9732620120048523,
    0.9759358167648315,
    0.9786096215248108,
    0.970588207244873,
    0.9679144620895386,
    0.9786096215248108,
    0.9732620120048523,
    0.9759358167648315,
    0.9679144620895386,
    0.9625668525695801,
    0.9625668525695801,
    0.9625668525695801,
    0.9786096215248108,
    0.9759358167648315,
    0.9759358167648315,
    0.970588207244873
  ],
  "val_loss": [
    0.8333370685577393,
    0.7735440135002136,
    0.5487942099571228,
    0.38805508613586426,
    0.3472106456756592,
    0.2327042669057846,
    0.15482096374034882,
    0.18120715022087097,
    0.21444551646709442,
    0.15294669568538666,
    0.17460909485816956,
    0.17217960953712463,
    0.13994769752025604,
    0.13557417690753937,
    0.16703392565250397,
    0.16030368208885193,
    0.3845079243183136,
    0.20854414999485016,
    0.17655299603939056,
    0.11481564491987228,
    0.10225385427474976,
    0.10949515551328659,
    0.09920863807201385,
    0.10408483445644379,
    0.10497236996889114,
    0.10185857862234116,
    0.10934280604124069,
    0.1232827827334404,
    0.13010528683662415,
    0.12193666398525238,
    0.1058778390288353,
    0.10529892146587372,
    0.16362299025058746,
    0.17391718924045563,
    0.15833519399166107,
    0.10830984264612198,
    0.10035542398691177,
    0.10191359370946884,
    0.10767190158367157,
    0.12328850477933884
  ]
}