{"class_acc": [0.5090090036392212, 0.6531531810760498, 0.8213213086128235, 0.8603603839874268, 0.8963963985443115, 0.9279279112815857, 0.9384384155273438, 0.9654654860496521, 0.9654654860496521, 0.9849849939346313, 0.9864864945411682, 0.9864864945411682, 0.9879879951477051, 0.9864864945411682, 0.9654654860496521, 0.9804804921150208, 0.9849849939346313, 0.9894894957542419, 0.9894894957542419, 0.9864864945411682, 0.9894894957542419, 0.9924924969673157, 0.9909909963607788, 0.9909909963607788, 0.9894894957542419, 0.9864864945411682, 0.9909909963607788, 0.9879879951477051, 0.9939939975738525, 0.9924924969673157, 0.9924924969673157, 0.9969969987869263, 0.9804804921150208, 0.9729729890823364, 0.9759759902954102, 0.9849849939346313, 0.9909909963607788, 0.9939939975738525, 0.9924924969673157, 0.9954954981803894], "loss": [2.6955337524414062, 2.1035640239715576, 1.852699637413025, 1.646483302116394, 1.5239336490631104, 1.422945261001587, 1.3790267705917358, 1.3252284526824951, 1.3062512874603271, 1.2550324201583862, 1.2292461395263672, 1.212003231048584, 1.1819976568222046, 1.163540005683899, 1.1623600721359253, 1.1343092918395996, 1.1067980527877808, 1.100203275680542, 1.0779578685760498, 1.0576061010360718, 1.049197793006897, 1.034193992614746, 1.0184487104415894, 1.0067147016525269, 1.0097638368606567, 1.0114414691925049, 0.998315691947937, 0.9830244183540344, 0.9613474011421204, 0.9708045721054077, 0.9624256491661072, 0.9363522529602051, 0.9685882329940796, 0.9958633780479431, 0.9810495972633362, 0.9285556674003601, 0.9162352681159973, 0.8985595703125, 0.9117836952209473, 0.8888033628463745], "val_class_acc": [0.5770393013954163, 0.842900276184082, 0.8972809910774231, 0.9365558624267578, 0.9425981640815735, 0.9456193447113037, 0.9667673707008362, 0.9667673707008362, 0.9577039480209351, 0.9758307933807373, 0.9758307933807373, 0.981873095035553, 0.9697884917259216, 0.9637462496757507, 0.9788519740104675, 0.9697884917259216, 0.9697884917259216, 0.9758307933807373, 0.9728096723556519, 0.9667673707008362, 0.981873095035553, 0.981873095035553, 0.9728096723556519, 0.981873095035553, 0.9788519740104675, 0.9788519740104675, 0.9667673707008362, 0.981873095035553, 0.9788519740104675, 0.9848942756652832, 0.9758307933807373, 0.981873095035553, 0.9546827673912048, 0.9848942756652832, 0.9758307933807373, 0.9788519740104675, 0.981873095035553, 0.9486404657363892, 0.9758307933807373, 0.9788519740104675], "val_loss": [2.2005674839019775, 1.959687352180481, 1.6806954145431519, 1.484069585800171, 1.3972047567367554, 1.3653255701065063, 1.3369817733764648, 1.337511420249939, 1.2893717288970947, 1.2608489990234375, 1.250611424446106, 1.238772988319397, 1.2242997884750366, 1.1977204084396362, 1.171587347984314, 1.155068278312683, 1.1986063718795776, 1.108383059501648, 1.0891326665878296, 1.1092002391815186, 1.0654747486114502, 1.0372464656829834, 1.0349667072296143, 1.0103741884231567, 1.024459719657898, 1.0024356842041016, 1.038692831993103, 0.9710323810577393, 0.9720688462257385, 0.9675760269165039, 0.9826601147651672, 0.9852353930473328, 1.068100929260254, 0.9252464175224304, 0.935891330242157, 0.897513210773468, 0.9115360975265503, 0.9643844366073608, 0.8807823657989502, 0.8685033321380615]}