{
  "accuracy": [
    0.4990476071834564,
    0.6219047904014587,
    0.7942857146263123,
    0.8914285898208618,
    0.9190475940704346,
    0.9352381229400635,
    0.9399999976158142,
    0.9628571271896362,
    0.977142870426178,
    0.9704762101173401,
    0.9742857217788696,
    0.9609524011611938,
    0.9514285922050476,
    0.9733333587646484,
    0.9780952334403992,
    0.976190447807312,
    0.9828571677207947,
    0.9857142567634583,
    0.9828571677207947,
    0.9885714054107666,
    0.9847618937492371,
    0.9780952334403992,
    0.9790475964546204,
    0.9828571677207947,
    0.9904761910438538,
    0.9885714054107666,
    0.9819047451019287,
    0.9857142567634583,
    0.9828571677207947,
    0.9828571677207947,
    0.9895238280296326,
    0.9904761910438538,
    0.9942857027053833,
    0.9961904883384705,
    0.9933333396911621,
    0.9971428513526917,
    0.9942857027053833,
    0.9961904883384705,
    0.9923809766769409,
    0.9923809766769409
  ],
  "loss": [
    1.0018922090530396,
    0.6533464193344116,
    0.4908089339733124,
    0.2894214987754822,
    0.1993497610092163,
    0.15347552299499512,
    0.14903108775615692,
    0.10200962424278259,
    0.0636819452047348,
    0.07585892081260681,
    0.06353551894426346,
    0.12814903259277344,
    0.1333540976047516,
    0.08539627492427826,
    0.06534436345100403,
    0.07036343216896057,
    0.051656194031238556,
    0.04255406931042671,
    0.04543924704194069,
    0.037945933640003204,
    0.04348801448941231,
    0.05396997183561325,
    0.051790542900562286,
    0.056070756167173386,
    0.0283142551779747,
    0.027646832168102264,
    0.04064992070198059,
    0.04076971486210823,
    0.04532312974333763,
    0.0471702441573143,
    0.027959156781435013,
    0.02206284925341606,
    0.0164625346660614,
    0.013585844077169895,
    0.01232814695686102,
    0.006119477562606335,
    0.01312132179737091,
    0.01273580826818943,
    0.015497039072215557,
    0.029366711154580116
  ],
  "val_accuracy": [
    0.4951830506324768,
    0.6531791687011719,
    0.8670520186424255,
    0.9210019111633301,
    0.9055876731872559,
    0.9055876731872559,
    0.9691714644432068,
    0.9749518036842346,
    0.9807322025299072,
    0.9614643454551697,
    0.9845857620239258,
    0.9344894289970398,
    0.978805422782898,
    0.9710982441902161,
    0.9672446846961975,
    0.9672446846961975,
    0.978805422782898,
    0.978805422782898,
    0.9807322025299072,
    0.9826589822769165,
    0.978805422782898,
    0.978805422782898,
    0.9402697682380676,
    0.9730250239372253,
    0.9845857620239258,
    0.9845857620239258,
    0.978805422782898,
    0.9768785834312439,
    0.9691714644432068,
    0.9865125417709351,
    0.9845857620239258,
    0.9845857620239258,
    0.9826589822769165,
    0.978805422782898,
    0.9826589822769165,
    0.978805422782898,
    0.9749518036842346,
    0.9749518036842346,
    0.9749518036842346,
    0.9807322025299072
  ],
  "val_loss": [
    0.7642370462417603,
    0.5703129172325134,
    0.35589271783828735,
    0.18705180287361145,
    0.20291194319725037,
    0.2092875838279724,
    0.06785851716995239,
    0.07604078203439713,
    0.06277632713317871,
    0.09767135232686996,
    0.04656297713518143,
    0.14053082466125488,
    0.05830542370676994,
    0.06874000281095505,
    0.08693604916334152,
    0.086522176861763,
    0.06234239041805267,
    0.06026027351617813,
    0.07369541376829147,
    0.07496491819620132,
    0.07811682671308517,
    0.05580073595046997,
    0.30629298090934753,
    0.08217687159776688,
    0.045051831752061844,
    0.05720457807183266,
    0.06034529581665993,
    0.0763552337884903,
    0.08265755325555801,
    0.04100102186203003,
    0.04786423221230507,
    0.05466064438223839,
    0.08235204219818115,
    0.1015130802989006,
    0.09224286675453186,
    0.11881335824728012,
    0.11725675314664841,
    0.09838347136974335,
    0.09850522875785828,
    0.05364644154906273
  ]
}