{
  "accuracy": [
    0.5152091383934021,
    0.5266159772872925,
    0.5779467821121216,
    0.7490494251251221,
    0.8422053456306458,
    0.8631178736686707,
    0.9125475287437439,
    0.9258555173873901,
    0.9581748843193054,
    0.9410646557807922,
    0.9448668956756592,
    0.963878333568573,
    0.9600760340690613,
    0.9733840227127075,
    0.9771863222122192,
    0.9733840227127075,
    0.9790874719619751,
    0.963878333568573,
    0.9733840227127075,
    0.9657794833183289,
    0.9733840227127075,
    0.9790874719619751,
    0.9847908616065979,
    0.9904943108558655,
    0.982889711856842,
    0.9847908616065979,
    0.9904943108558655,
    0.9866920113563538,
    0.9866920113563538,
    0.9904943108558655,
    0.9771863222122192,
    0.9847908616065979,
    0.9847908616065979,
    0.9923954606056213,
    0.9942965507507324,
    0.9961977005004883,
    0.9885931611061096,
    0.9847908616065979,
    0.9866920113563538,
    0.9847908616065979
  ],
  "loss": [
    1.1816219091415405,
    0.7367590665817261,
    0.6688035726547241,
    0.569348931312561,
    0.41898655891418457,
    0.3310847580432892,
    0.23573100566864014,
    0.1859750747680664,
    0.1190541461110115,
    0.12724734842777252,
    0.16921401023864746,
    0.09568877518177032,
    0.0925455316901207,
    0.07693077623844147,
    0.07063838094472885,
    0.06433362513780594,
    0.06354296207427979,
    0.07705092430114746,
    0.08357389271259308,
    0.13537228107452393,
    0.07049256563186646,
    0.05309811979532242,
    0.04324702173471451,
    0.03204786777496338,
    0.04340869188308716,
    0.04478568956255913,
    0.028867751359939575,
    0.030176853761076927,
    0.034139882773160934,
    0.0333808995783329,
    0.0733782947063446,
    0.05681644007563591,
    0.04124928265810013,
    0.025138113647699356,
    0.01748269610106945,
    0.022364450618624687,
    0.018071504309773445,
    0.036429308354854584,
    0.04396568238735199,
    0.035904161632061005
  ],
  "val_accuracy": [
    0.501915693283081,
    0.5134099721908569,
    0.8620689511299133,
    0.8620689511299133,
    0.8697317838668823,
    0.8773946166038513,
    0.8812260627746582,
    0.9233716726303101,
    0.938697338104248,
    0.9118773937225342,
    0.938697338104248,
    0.9578543901443481,
    0.9578543901443481,
    0.984674334526062,
    0.931034505367279,
    0.9731800556182861,
    0.9348658919334412,
    0.9501915574073792,
    0.9195402264595032,
    0.946360170841217,
    0.9578543901443481,
    0.9578543901443481,
    0.977011501789093,
    0.946360170841217,
    0.9578543901443481,
    0.961685836315155,
    0.969348669052124,
    0.946360170841217,
    0.977011501789093,
    0.9425287246704102,
    0.9731800556182861,
    0.9348658919334412,
    0.954023003578186,
    0.9578543901443481,
    0.961685836315155,
    0.961685836315155,
    0.969348669052124,
    0.9348658919334412,
    0.9578543901443481,
    0.961685836315155
  ],
  "val_loss": [
    0.743729293346405,
    0.6837564706802368,
    0.5409907698631287,
    0.4324779808521271,
    0.3908686637878418,
    0.3174353539943695,
    0.3195396661758423,
    0.17925012111663818,
    0.2371755838394165,
    0.3876059651374817,
    0.14959001541137695,
    0.09081989526748657,
    0.09577733278274536,
    0.04501189664006233,
    0.16865751147270203,
    0.0720711424946785,
    0.256819486618042,
    0.23014794290065765,
    0.4527798295021057,
    0.11628582328557968,
    0.11127379536628723,
    0.1397777497768402,
    0.08446843922138214,
    0.15903636813163757,
    0.17973390221595764,
    0.13866174221038818,
    0.1112690418958664,
    0.1783524751663208,
    0.1333669275045395,
    0.3150322139263153,
    0.11656136065721512,
    0.1339094042778015,
    0.08790992200374603,
    0.11997038125991821,
    0.1351950317621231,
    0.15217068791389465,
    0.12815380096435547,
    0.19715368747711182,
    0.16181142628192902,
    0.12351369857788086
  ]
}