{
  "accuracy": [
    0.5,
    0.5323193669319153,
    0.6026616096496582,
    0.6996197700500488,
    0.8098859190940857,
    0.8403041958808899,
    0.8783270120620728,
    0.9068440794944763,
    0.9182509779930115,
    0.9315589070320129,
    0.946768045425415,
    0.9581748843193054,
    0.946768045425415,
    0.9448668956756592,
    0.9562737345695496,
    0.9657794833183289,
    0.9847908616065979,
    0.9676806330680847,
    0.982889711856842,
    0.9866920113563538,
    0.9904943108558655,
    0.9771863222122192,
    0.9847908616065979,
    0.9790874719619751,
    0.9923954606056213,
    0.9942965507507324,
    0.9866920113563538,
    0.9752851724624634,
    0.9315589070320129,
    0.9524714946746826,
    0.9600760340690613,
    0.980988621711731,
    0.9866920113563538,
    0.9885931611061096,
    0.9790874719619751,
    0.9885931611061096,
    0.9866920113563538,
    0.9942965507507324,
    0.9980988502502441,
    0.9961977005004883
  ],
  "loss": [
    1.2006380558013916,
    0.7274715304374695,
    0.6575945615768433,
    0.574883759021759,
    0.44049376249313354,
    0.3757890462875366,
    0.300779789686203,
    0.2605515122413635,
    0.21888527274131775,
    0.15534831583499908,
    0.12064871937036514,
    0.09474834054708481,
    0.1333836019039154,
    0.10368761420249939,
    0.08576541393995285,
    0.07550933212041855,
    0.044818490743637085,
    0.06522202491760254,
    0.04415831342339516,
    0.03811649605631828,
    0.03360772505402565,
    0.059125784784555435,
    0.044690296053886414,
    0.04555704444646835,
    0.026014769449830055,
    0.018400894477963448,
    0.028884992003440857,
    0.04452482610940933,
    0.3530963361263275,
    0.12568797171115875,
    0.0939209833741188,
    0.051654472947120667,
    0.040809888392686844,
    0.032692842185497284,
    0.04208912327885628,
    0.026517774909734726,
    0.036788441240787506,
    0.015773069113492966,
    0.009142964147031307,
    0.011944924481213093
  ],
  "val_accuracy": [
    0.5038461685180664,
    0.5076923370361328,
    0.8653846383094788,
    0.8653846383094788,
    0.8807692527770996,
    0.8846153616905212,
    0.8999999761581421,
    0.8999999761581421,
    0.9269230961799622,
    0.9307692050933838,
    0.9230769276618958,
    0.9230769276618958,
    0.9307692050933838,
    0.9269230961799622,
    0.9615384340286255,
    0.9730769395828247,
    0.9538461565971375,
    0.9769230484962463,
    0.9846153855323792,
    0.9730769395828247,
    0.9769230484962463,
    0.9769230484962463,
    0.949999988079071,
    0.9807692170143127,
    0.9807692170143127,
    0.9653846025466919,
    0.9692307710647583,
    0.8999999761581421,
    0.9346153736114502,
    0.9192307591438293,
    0.9769230484962463,
    0.9807692170143127,
    0.949999988079071,
    0.9846153855323792,
    0.9692307710647583,
    0.9692307710647583,
    0.9692307710647583,
    0.9807692170143127,
    0.9807692170143127,
    0.9807692170143127
  ],
  "val_loss": [
    0.7697901725769043,
    0.6825319528579712,
    0.559173583984375,
    0.4489276111125946,
    0.32946619391441345,
    0.33271515369415283,
    0.2681252062320709,
    0.20855678617954254,
    0.16156111657619476,
    0.14156386256217957,
    0.15286219120025635,
    0.16972191631793976,
    0.17808233201503754,
    0.1244281753897667,
    0.14499151706695557,
    0.08771252632141113,
    0.12623582780361176,
    0.10087186098098755,
    0.053003933280706406,
    0.11595957726240158,
    0.16356869041919708,
    0.09310852736234665,
    0.15571703016757965,
    0.06973813474178314,
    0.05785559117794037,
    0.1562354415655136,
    0.1244339570403099,
    0.5698352456092834,
    0.30747896432876587,
    0.15663930773735046,
    0.09598339349031448,
    0.07630059868097305,
    0.12541300058364868,
    0.08851231634616852,
    0.08155053108930588,
    0.11429852992296219,
    0.08217150717973709,
    0.07745133340358734,
    0.09043075889348984,
    0.08553194254636765
  ]
}