{"class_acc": [0.49059829115867615, 0.5128205418586731, 0.7179487347602844, 0.8991453051567078, 0.916239321231842, 0.9435897469520569, 0.9829059839248657, 0.9829059839248657, 0.9897435903549194, 0.9863247871398926, 0.9965811967849731, 0.9675213694572449, 0.9623931646347046, 0.9743589758872986, 0.9794871807098389, 0.9948717951774597, 0.9982905983924866, 1.0, 1.0, 0.9948717951774597, 0.9965811967849731, 0.9948717951774597, 0.9572649598121643, 0.9606837630271912, 0.9846153855323792, 0.988034188747406, 0.9931623935699463, 0.9948717951774597, 0.9948717951774597, 0.9965811967849731, 0.9948717951774597, 0.9965811967849731, 0.9965811967849731, 0.9982905983924866, 0.9982905983924866, 0.9982905983924866, 1.0, 1.0, 1.0, 1.0], "loss": [1.2018431425094604, 0.7483229637145996, 0.5570739507675171, 0.35426822304725647, 0.22585517168045044, 0.15150268375873566, 0.0677291750907898, 0.04691694304347038, 0.03284661844372749, 0.03881113603711128, 0.017782310023903847, 0.10387943685054779, 0.08969096839427948, 0.05144277587532997, 0.07011845707893372, 0.019185489043593407, 0.010480016469955444, 0.004687319044023752, 0.0033592786639928818, 0.010774243623018265, 0.014995340257883072, 0.017390580847859383, 0.12610961496829987, 0.1170133426785469, 0.04676070436835289, 0.03706105053424835, 0.017840050160884857, 0.014316217973828316, 0.008970174007117748, 0.005483775399625301, 0.010007346980273724, 0.008074065670371056, 0.011339942924678326, 0.004942950326949358, 0.0065242149867117405, 0.0031112167052924633, 0.001632906380109489, 0.0015946057392284274, 0.001023612916469574, 0.0006543034687638283], "val_class_acc": [0.5053476095199585, 0.8155080080032349, 0.8609625697135925, 0.866310179233551, 0.8983957171440125, 0.9304812550544739, 0.9251337051391602, 0.9224599003791809, 0.9197860956192017, 0.9331550598144531, 0.9304812550544739, 0.903743326663971, 0.9197860956192017, 0.9545454382896423, 0.9171122908592224, 0.9465240836143494, 0.9438502788543701, 0.9518716335296631, 0.9545454382896423, 0.9491978883743286, 0.9331550598144531, 0.9465240836143494, 0.8823529481887817, 0.8770053386688232, 0.9358288645744324, 0.9304812550544739, 0.9331550598144531, 0.9304812550544739, 0.9411764740943909, 0.9598930478096008, 0.9385026693344116, 0.9117646813392639, 0.9518716335296631, 0.9438502788543701, 0.9411764740943909, 0.9598930478096008, 0.9598930478096008, 0.9598930478096008, 0.9598930478096008, 0.9572192430496216], "val_loss": [0.8056799173355103, 0.6017056107521057, 0.47756946086883545, 0.3238871395587921, 0.24661670625209808, 0.16869202256202698, 0.21417783200740814, 0.2554427683353424, 0.43141868710517883, 0.28816911578178406, 0.35072827339172363, 0.39204198122024536, 0.2552567422389984, 0.17337878048419952, 0.30386972427368164, 0.19010894000530243, 0.25960883498191833, 0.2615058720111847, 0.29770204424858093, 0.3463219106197357, 0.40219083428382874, 0.32006990909576416, 0.3629577159881592, 0.4902717173099518, 0.15612629055976868, 0.27750709652900696, 0.25909313559532166, 0.26941776275634766, 0.31426480412483215, 0.24457089602947235, 0.3510228991508484, 0.3948580026626587, 0.2799835205078125, 0.38951095938682556, 0.3506433963775635, 0.2770504057407379, 0.2829119861125946, 0.32772332429885864, 0.3395174741744995, 0.3515002429485321]}