{
  "class_acc": [
    0.5057252049446106,
    0.5286259651184082,
    0.5935114622116089,
    0.7938931584358215,
    0.8816794157028198,
    0.8988549709320068,
    0.9141221642494202,
    0.9351145029067993,
    0.9503816962242126,
    0.9599236845970154,
    0.9599236845970154,
    0.9751908183097839,
    0.9809160232543945,
    0.9751908183097839,
    0.9732824563980103,
    0.9618320465087891,
    0.944656491279602,
    0.9293892979621887,
    0.9599236845970154,
    0.9732824563980103,
    0.9847328066825867,
    0.9904580116271973,
    0.9885495901107788,
    0.982824444770813,
    0.9904580116271973,
    0.9866412281990051,
    0.9866412281990051,
    0.9790076613426208,
    0.9656488299369812,
    0.9751908183097839,
    0.982824444770813,
    0.9866412281990051,
    0.9866412281990051,
    0.9904580116271973,
    0.9942747950553894,
    0.9904580116271973,
    0.9923664331436157,
    0.9904580116271973,
    0.9904580116271973,
    0.9885495901107788
  ],
  "loss": [
    2.771448850631714,
    2.1489200592041016,
    1.8975352048873901,
    1.6927911043167114,
    1.505764126777649,
    1.4005005359649658,
    1.3011549711227417,
    1.244232416152954,
    1.2100688219070435,
    1.1664304733276367,
    1.155287265777588,
    1.1306520700454712,
    1.1144131422042847,
    1.1224383115768433,
    1.1183191537857056,
    1.1575500965118408,
    1.1717556715011597,
    1.233744502067566,
    1.1251953840255737,
    1.1079456806182861,
    1.041003704071045,
    1.0133548974990845,
    0.989957869052887,
    0.9763714671134949,
    0.939540684223175,
    0.9385828971862793,
    0.9296919107437134,
    0.9374276995658875,
    0.9980739951133728,
    0.9187707901000977,
    0.8982930183410645,
    0.8743695616722107,
    0.8505483865737915,
    0.8443623185157776,
    0.8257817029953003,
    0.8238205313682556,
    0.8225110769271851,
    0.8132621645927429,
    0.7993803024291992,
    0.7904296517372131
  ],
  "val_class_acc": [
    0.49425286054611206,
    0.517241358757019,
    0.8160919547080994,
    0.8888888955116272,
    0.8735632300376892,
    0.8965517282485962,
    0.9195402264595032,
    0.8735632300376892,
    0.938697338104248,
    0.9272030591964722,
    0.9425287246704102,
    0.946360170841217,
    0.9578543901443481,
    0.9578543901443481,
    0.9655172228813171,
    0.9501915574073792,
    0.961685836315155,
    0.9348658919334412,
    0.9578543901443481,
    0.954023003578186,
    0.9731800556182861,
    0.9578543901443481,
    0.9731800556182861,
    0.9655172228813171,
    0.9655172228813171,
    0.969348669052124,
    0.9731800556182861,
    0.961685836315155,
    0.9348658919334412,
    0.954023003578186,
    0.9578543901443481,
    0.961685836315155,
    0.977011501789093,
    0.969348669052124,
    0.969348669052124,
    0.9731800556182861,
    0.9655172228813171,
    0.9731800556182861,
    0.9731800556182861,
    0.9731800556182861
  ],
  "val_loss": [
    2.0031065940856934,
    1.8566280603408813,
    1.6286355257034302,
    1.4437733888626099,
    1.3675669431686401,
    1.2528103590011597,
    1.1833486557006836,
    1.2311170101165771,
    1.1073384284973145,
    1.1301692724227905,
    1.104526162147522,
    1.1169625520706177,
    1.0768513679504395,
    1.051824927330017,
    1.0137237310409546,
    1.0242825746536255,
    1.003249168395996,
    1.1370744705200195,
    1.0288798809051514,
    0.9938713312149048,
    0.9574562311172485,
    0.9407877326011658,
    0.9029611945152283,
    0.9126211404800415,
    0.9055772423744202,
    0.9219009280204773,
    0.8804232478141785,
    0.9140172600746155,
    0.9220909476280212,
    0.8894758820533752,
    0.8600620031356812,
    0.844437837600708,
    0.8147189617156982,
    0.8477485179901123,
    0.8194201588630676,
    0.8257556557655334,
    0.8040603995323181,
    0.7863854765892029,
    0.7914493680000305,
    0.808283805847168
  ]
}