{
  "accuracy": [
    0.5212201476097107,
    0.604774534702301,
    0.6856763958930969,
    0.8183023929595947,
    0.8859416246414185,
    0.9164456129074097,
    0.9084880352020264,
    0.9230769276618958,
    0.9442970752716064,
    0.9641909599304199,
    0.9549071788787842,
    0.9615384340286255,
    0.9761273264884949,
    0.9575597047805786,
    0.9641909599304199,
    0.9814323782920837,
    0.9787798523902893,
    0.960212230682373,
    0.9668434858322144,
    0.9734748005867004,
    0.970822274684906,
    0.9761273264884949,
    0.9801061153411865,
    0.9840849041938782,
    0.9907161593437195,
    0.9867374300956726,
    0.9907161593437195,
    0.9920424222946167,
    0.9907161593437195,
    0.9907161593437195,
    0.9814323782920837,
    0.9867374300956726,
    0.9893898963928223,
    0.9893898963928223,
    0.9946949481964111,
    0.9946949481964111,
    0.9933686852455139,
    0.9946949481964111,
    0.9960212111473083,
    0.9946949481964111
  ],
  "loss": [
    1.1158027648925781,
    0.6744637489318848,
    0.5717448592185974,
    0.4036112427711487,
    0.26651597023010254,
    0.1927986890077591,
    0.19653156399726868,
    0.2040584236383438,
    0.1483059674501419,
    0.10028734058141708,
    0.09903093427419662,
    0.10354291647672653,
    0.07288205623626709,
    0.10262962430715561,
    0.07516919821500778,
    0.06091800704598427,
    0.05914754793047905,
    0.0896223932504654,
    0.08791632950305939,
    0.07565093040466309,
    0.0765853002667427,
    0.06091893091797829,
    0.043441981077194214,
    0.045635420829057693,
    0.035183507949113846,
    0.03899417072534561,
    0.028124595060944557,
    0.017840726301074028,
    0.022495940327644348,
    0.026192594319581985,
    0.04729151353240013,
    0.041342657059431076,
    0.02524903044104576,
    0.023232467472553253,
    0.014922671020030975,
    0.012893464416265488,
    0.017247339710593224,
    0.011624916456639767,
    0.010730785317718983,
    0.021952981129288673
  ],
  "val_accuracy": [
    0.5053476095199585,
    0.8395721912384033,
    0.8796791434288025,
    0.8823529481887817,
    0.9197860956192017,
    0.9224599003791809,
    0.9144384860992432,
    0.9358288645744324,
    0.9491978883743286,
    0.9598930478096008,
    0.9652406573295593,
    0.9786096215248108,
    0.9598930478096008,
    0.9679144620895386,
    0.9652406573295593,
    0.9759358167648315,
    0.970588207244873,
    0.9411764740943909,
    0.9545454382896423,
    0.9572192430496216,
    0.9652406573295593,
    0.970588207244873,
    0.9839572310447693,
    0.9893048405647278,
    0.9839572310447693,
    0.9839572310447693,
    0.98128342628479,
    0.9786096215248108,
    0.9839572310447693,
    0.9732620120048523,
    0.9598930478096008,
    0.9652406573295593,
    0.9732620120048523,
    0.9786096215248108,
    0.98128342628479,
    0.9786096215248108,
    0.9786096215248108,
    0.98128342628479,
    0.9839572310447693,
    0.9732620120048523
  ],
  "val_loss": [
    0.7928045988082886,
    0.6015766859054565,
    0.41978883743286133,
    0.31348317861557007,
    0.1974286586046219,
    0.17385876178741455,
    0.1889369785785675,
    0.15909896790981293,
    0.1555534303188324,
    0.09857819974422455,
    0.07034305483102798,
    0.050925739109516144,
    0.11233240365982056,
    0.06552082300186157,
    0.11022379994392395,
    0.0742717981338501,
    0.09461793303489685,
    0.17357288300991058,
    0.16297410428524017,
    0.19502446055412292,
    0.17165881395339966,
    0.07163471728563309,
    0.03224082291126251,
    0.04101291671395302,
    0.04076666384935379,
    0.04469115659594536,
    0.04209066927433014,
    0.0423145554959774,
    0.059775564819574356,
    0.07906097918748856,
    0.12677189707756042,
    0.09206706285476685,
    0.07154712080955505,
    0.06909061223268509,
    0.053468458354473114,
    0.07227934151887894,
    0.07829073816537857,
    0.09162791818380356,
    0.08610408008098602,
    0.10777641087770462
  ]
}