{"class_acc": [0.5019304752349854, 0.5366795659065247, 0.5965250730514526, 0.7432432174682617, 0.9111968874931335, 0.9305019378662109, 0.9440154433250427, 0.9594594836235046, 0.9749034643173218, 0.9749034643173218, 0.9845559597015381, 0.9845559597015381, 0.9884169697761536, 0.9980695247650146, 0.9980695247650146, 0.9980695247650146, 0.9980695247650146, 1.0, 0.9980695247650146, 0.9980695247650146, 1.0, 1.0, 1.0, 1.0, 1.0, 1.0, 1.0, 1.0, 1.0, 1.0, 1.0, 1.0, 1.0, 1.0, 1.0, 1.0, 1.0, 1.0, 1.0, 1.0], "loss": [1.2655638456344604, 0.7834169268608093, 0.6397265195846558, 0.5114097595214844, 0.3383600413799286, 0.20523202419281006, 0.1683095544576645, 0.11578021943569183, 0.0816730260848999, 0.05961694195866585, 0.04339627921581268, 0.04406619444489479, 0.02535790205001831, 0.006905149668455124, 0.008386767469346523, 0.004467986989766359, 0.004506233613938093, 0.0028020052704960108, 0.0028076597955077887, 0.0032065268605947495, 0.001275426591746509, 0.00035945011768490076, 0.0006414127419702709, 0.0005048783496022224, 0.00013479583139996976, 0.0001333180844085291, 9.927395876729861e-05, 0.00010260111594107002, 9.072336979443207e-05, 6.159058102639392e-05, 6.817414396209642e-05, 4.819999958272092e-05, 7.60132897994481e-05, 5.133956437930465e-05, 2.6285490093869157e-05, 2.6298223019693978e-05, 5.20799912919756e-05, 1.699164931778796e-05, 7.1672213380225e-05, 1.6032206985983066e-05], "val_class_acc": [0.6878787875175476, 0.5181818008422852, 0.5545454621315002, 0.8090909123420715, 0.8242424130439758, 0.8484848737716675, 0.8515151739120483, 0.8393939137458801, 0.8666666746139526, 0.9121212363243103, 0.8757575750350952, 0.8757575750350952, 0.9151515364646912, 0.9151515364646912, 0.8969696760177612, 0.9212121367454529, 0.8999999761581421, 0.918181836605072, 0.8969696760177612, 0.9272727370262146, 0.9121212363243103, 0.9151515364646912, 0.9242424368858337, 0.918181836605072, 0.9212121367454529, 0.9212121367454529, 0.9242424368858337, 0.9212121367454529, 0.9303030371665955, 0.9272727370262146, 0.9272727370262146, 0.9333333373069763, 0.9272727370262146, 0.9363636374473572, 0.9363636374473572, 0.9363636374473572, 0.9272727370262146, 0.9272727370262146, 0.9272727370262146, 0.9303030371665955], "val_loss": [0.6868374347686768, 0.7114771008491516, 0.6262950301170349, 0.5140060782432556, 0.484221488237381, 0.39407774806022644, 0.5244386792182922, 0.44322991371154785, 0.32967057824134827, 0.23821008205413818, 0.40212786197662354, 0.43753722310066223, 0.2729574143886566, 0.3088204562664032, 0.5620487928390503, 0.3401854634284973, 0.5132967233657837, 0.37898072600364685, 0.6629527807235718, 0.32395631074905396, 0.3600006699562073, 0.4332316219806671, 0.3424850404262543, 0.35684460401535034, 0.3866182863712311, 0.38530319929122925, 0.37651002407073975, 0.36500316858291626, 0.35684487223625183, 0.358608603477478, 0.3532811403274536, 0.3466436266899109, 0.36038851737976074, 0.359866738319397, 0.36234572529792786, 0.3656963109970093, 0.38920167088508606, 0.4088055193424225, 0.39460769295692444, 0.39450976252555847]}